minfd,minfddesc,majfd,majfddesc,Coded unit,fdgp,fd gp description
401,MILK  LIQUID  FULL PRICE,4,"LIQUID WHOLEMILK, FULL PRICE",pt,4005.0,"LIQUID WHOLEMILK, FULL PRICE & WELFARE"
401,MILK  LIQUID  FULL PRICE,4,"LIQUID WHOLEMILK, FULL PRICE",pt,4006.0,"LIQUID WHOLEMILK, INC SCHOOL & WELFARE"
401,MILK  LIQUID  FULL PRICE,4,"LIQUID WHOLEMILK, FULL PRICE",pt,4017.0,TOTAL MILK AND CREAM
401,MILK  LIQUID  FULL PRICE,4,"LIQUID WHOLEMILK, FULL PRICE",pt,4023.0,"TOTAL MILK, CREAM AND CHEESE"
402,"UHT LIQUID MILK, FULL PRICE",4,"LIQUID WHOLEMILK, FULL PRICE",pt,4005.0,"LIQUID WHOLEMILK, FULL PRICE & WELFARE"
402,"UHT LIQUID MILK, FULL PRICE",4,"LIQUID WHOLEMILK, FULL PRICE",pt,4006.0,"LIQUID WHOLEMILK, INC SCHOOL & WELFARE"
402,"UHT LIQUID MILK, FULL PRICE",4,"LIQUID WHOLEMILK, FULL PRICE",pt,4017.0,TOTAL MILK AND CREAM
402,"UHT LIQUID MILK, FULL PRICE",4,"LIQUID WHOLEMILK, FULL PRICE",pt,4023.0,"TOTAL MILK, CREAM AND CHEESE"
403,"STERILISED MILK, FULL PRICE",4,"LIQUID WHOLEMILK, FULL PRICE",pt,4005.0,"LIQUID WHOLEMILK, FULL PRICE & WELFARE"
403,"STERILISED MILK, FULL PRICE",4,"LIQUID WHOLEMILK, FULL PRICE",pt,4006.0,"LIQUID WHOLEMILK, INC SCHOOL & WELFARE"
403,"STERILISED MILK, FULL PRICE",4,"LIQUID WHOLEMILK, FULL PRICE",pt,4017.0,TOTAL MILK AND CREAM
403,"STERILISED MILK, FULL PRICE",4,"LIQUID WHOLEMILK, FULL PRICE",pt,4023.0,"TOTAL MILK, CREAM AND CHEESE"
404,"OTHER LIQUID MILK, FULL PRICE",4,"LIQUID WHOLEMILK, FULL PRICE",pt,4005.0,"LIQUID WHOLEMILK, FULL PRICE & WELFARE"
404,"OTHER LIQUID MILK, FULL PRICE",4,"LIQUID WHOLEMILK, FULL PRICE",pt,4006.0,"LIQUID WHOLEMILK, INC SCHOOL & WELFARE"
404,"OTHER LIQUID MILK, FULL PRICE",4,"LIQUID WHOLEMILK, FULL PRICE",pt,4017.0,TOTAL MILK AND CREAM
404,"OTHER LIQUID MILK, FULL PRICE",4,"LIQUID WHOLEMILK, FULL PRICE",pt,4023.0,"TOTAL MILK, CREAM AND CHEESE"
501,MILK  LIQUID  WELFARE,5,MILK LIQUID WELFARE,pt,4005.0,"LIQUID WHOLEMILK, FULL PRICE & WELFARE"
501,MILK  LIQUID  WELFARE,5,MILK LIQUID WELFARE,pt,4006.0,"LIQUID WHOLEMILK, INC SCHOOL & WELFARE"
501,MILK  LIQUID  WELFARE,5,MILK LIQUID WELFARE,pt,4017.0,TOTAL MILK AND CREAM
501,MILK  LIQUID  WELFARE,5,MILK LIQUID WELFARE,pt,4023.0,"TOTAL MILK, CREAM AND CHEESE"
501,MILK  LIQUID  WELFARE,5,MILK LIQUID WELFARE,pt,5006.0,WELFARE AND SCHOOL MILK
601,MILK  LIQUID  SCHOOL,6,MILK LIQUID SCHOOL,pt,4006.0,"LIQUID WHOLEMILK, INC SCHOOL & WELFARE"
601,MILK  LIQUID  SCHOOL,6,MILK LIQUID SCHOOL,pt,4017.0,TOTAL MILK AND CREAM
601,MILK  LIQUID  SCHOOL,6,MILK LIQUID SCHOOL,pt,4023.0,"TOTAL MILK, CREAM AND CHEESE"
601,MILK  LIQUID  SCHOOL,6,MILK LIQUID SCHOOL,pt,5006.0,WELFARE AND SCHOOL MILK
901,MILK  CONDENSED,9,MILK CONDENSED,pt,4017.0,TOTAL MILK AND CREAM
901,MILK  CONDENSED,9,MILK CONDENSED,pt,4023.0,"TOTAL MILK, CREAM AND CHEESE"
901,MILK  CONDENSED,9,MILK CONDENSED,pt,9016.0,MILK OTHER THAN WHOLE MILK
901,MILK  CONDENSED,9,MILK CONDENSED,pt,9017.0,OTHER MILK & CREAM
1001,MILK  DRIED  NATIONAL,10,MILK DRIED NATIONAL,pt,4017.0,TOTAL MILK AND CREAM
1001,MILK  DRIED  NATIONAL,10,MILK DRIED NATIONAL,pt,4023.0,"TOTAL MILK, CREAM AND CHEESE"
1001,MILK  DRIED  NATIONAL,10,MILK DRIED NATIONAL,pt,9016.0,MILK OTHER THAN WHOLE MILK
1001,MILK  DRIED  NATIONAL,10,MILK DRIED NATIONAL,pt,9017.0,OTHER MILK & CREAM
1001,MILK  DRIED  NATIONAL,10,MILK DRIED NATIONAL,pt,10016.0,"DRIED,INST,SKIM MILK,YOG & OTHER MILK"
1101,INFANT MILKS,11,INFANT MILKS,pt,4017.0,TOTAL MILK AND CREAM
1101,INFANT MILKS,11,INFANT MILKS,pt,4023.0,"TOTAL MILK, CREAM AND CHEESE"
1101,INFANT MILKS,11,INFANT MILKS,pt,9016.0,MILK OTHER THAN WHOLE MILK
1101,INFANT MILKS,11,INFANT MILKS,pt,9017.0,OTHER MILK & CREAM
1101,INFANT MILKS,11,INFANT MILKS,pt,10016.0,"DRIED,INST,SKIM MILK,YOG & OTHER MILK"
1201,MILK  INSTANT,12,MILK INSTANT,pt,4017.0,TOTAL MILK AND CREAM
1201,MILK  INSTANT,12,MILK INSTANT,pt,4023.0,"TOTAL MILK, CREAM AND CHEESE"
1201,MILK  INSTANT,12,MILK INSTANT,pt,9016.0,MILK OTHER THAN WHOLE MILK
1201,MILK  INSTANT,12,MILK INSTANT,pt,9017.0,OTHER MILK & CREAM
1201,MILK  INSTANT,12,MILK INSTANT,pt,10016.0,"DRIED,INST,SKIM MILK,YOG & OTHER MILK"
1301,YOGHURT,13,YOGHURT AND FROMAGE FRAIS,pt,4017.0,TOTAL MILK AND CREAM
1301,YOGHURT,13,YOGHURT AND FROMAGE FRAIS,pt,4023.0,"TOTAL MILK, CREAM AND CHEESE"
1301,YOGHURT,13,YOGHURT AND FROMAGE FRAIS,pt,9016.0,MILK OTHER THAN WHOLE MILK
1301,YOGHURT,13,YOGHURT AND FROMAGE FRAIS,pt,9017.0,OTHER MILK & CREAM
1301,YOGHURT,13,YOGHURT AND FROMAGE FRAIS,pt,10016.0,"DRIED,INST,SKIM MILK,YOG & OTHER MILK"
1302,FROMAGE FRAIS,13,YOGHURT AND FROMAGE FRAIS,pt,4017.0,TOTAL MILK AND CREAM
1302,FROMAGE FRAIS,13,YOGHURT AND FROMAGE FRAIS,pt,4023.0,"TOTAL MILK, CREAM AND CHEESE"
1302,FROMAGE FRAIS,13,YOGHURT AND FROMAGE FRAIS,pt,9016.0,MILK OTHER THAN WHOLE MILK
1302,FROMAGE FRAIS,13,YOGHURT AND FROMAGE FRAIS,pt,9017.0,OTHER MILK & CREAM
1302,FROMAGE FRAIS,13,YOGHURT AND FROMAGE FRAIS,pt,10016.0,"DRIED,INST,SKIM MILK,YOG & OTHER MILK"
1501,SKIMMED MILK,15,SKIMMED MILKS,pt,4017.0,TOTAL MILK AND CREAM
1501,SKIMMED MILK,15,SKIMMED MILKS,pt,4023.0,"TOTAL MILK, CREAM AND CHEESE"
1501,SKIMMED MILK,15,SKIMMED MILKS,pt,9016.0,MILK OTHER THAN WHOLE MILK
1501,SKIMMED MILK,15,SKIMMED MILKS,pt,9017.0,OTHER MILK & CREAM
1501,SKIMMED MILK,15,SKIMMED MILKS,pt,10016.0,"DRIED,INST,SKIM MILK,YOG & OTHER MILK"
1502,FULLY SKIMMED MILK,15,SKIMMED MILKS,pt,4017.0,TOTAL MILK AND CREAM
1502,FULLY SKIMMED MILK,15,SKIMMED MILKS,pt,4023.0,"TOTAL MILK, CREAM AND CHEESE"
1502,FULLY SKIMMED MILK,15,SKIMMED MILKS,pt,9016.0,MILK OTHER THAN WHOLE MILK
1502,FULLY SKIMMED MILK,15,SKIMMED MILKS,pt,9017.0,OTHER MILK & CREAM
1502,FULLY SKIMMED MILK,15,SKIMMED MILKS,pt,10016.0,"DRIED,INST,SKIM MILK,YOG & OTHER MILK"
1503,SEMI AND OTHER SKIMMED MILKS,15,SKIMMED MILKS,pt,4017.0,TOTAL MILK AND CREAM
1503,SEMI AND OTHER SKIMMED MILKS,15,SKIMMED MILKS,pt,4023.0,"TOTAL MILK, CREAM AND CHEESE"
1503,SEMI AND OTHER SKIMMED MILKS,15,SKIMMED MILKS,pt,9016.0,MILK OTHER THAN WHOLE MILK
1503,SEMI AND OTHER SKIMMED MILKS,15,SKIMMED MILKS,pt,9017.0,OTHER MILK & CREAM
1503,SEMI AND OTHER SKIMMED MILKS,15,SKIMMED MILKS,pt,10016.0,"DRIED,INST,SKIM MILK,YOG & OTHER MILK"
1601,"OTHER MILK, INC SKIMMED",16,OTHER MILKS AND DAIRY DESSERTS,pt,4017.0,TOTAL MILK AND CREAM
1601,"OTHER MILK, INC SKIMMED",16,OTHER MILKS AND DAIRY DESSERTS,pt,4023.0,"TOTAL MILK, CREAM AND CHEESE"
1601,"OTHER MILK, INC SKIMMED",16,OTHER MILKS AND DAIRY DESSERTS,pt,9016.0,MILK OTHER THAN WHOLE MILK
1601,"OTHER MILK, INC SKIMMED",16,OTHER MILKS AND DAIRY DESSERTS,pt,9017.0,OTHER MILK & CREAM
1601,"OTHER MILK, INC SKIMMED",16,OTHER MILKS AND DAIRY DESSERTS,pt,10016.0,"DRIED,INST,SKIM MILK,YOG & OTHER MILK"
1602,"OTHER MILK, NOT SKIMMED",16,OTHER MILKS AND DAIRY DESSERTS,pt,4017.0,TOTAL MILK AND CREAM
1602,"OTHER MILK, NOT SKIMMED",16,OTHER MILKS AND DAIRY DESSERTS,pt,4023.0,"TOTAL MILK, CREAM AND CHEESE"
1602,"OTHER MILK, NOT SKIMMED",16,OTHER MILKS AND DAIRY DESSERTS,pt,9016.0,MILK OTHER THAN WHOLE MILK
1602,"OTHER MILK, NOT SKIMMED",16,OTHER MILKS AND DAIRY DESSERTS,pt,9017.0,OTHER MILK & CREAM
1602,"OTHER MILK, NOT SKIMMED",16,OTHER MILKS AND DAIRY DESSERTS,pt,10016.0,"DRIED,INST,SKIM MILK,YOG & OTHER MILK"
1603,DAIRY DESSERTS,16,OTHER MILKS AND DAIRY DESSERTS,pt,4017.0,TOTAL MILK AND CREAM
1603,DAIRY DESSERTS,16,OTHER MILKS AND DAIRY DESSERTS,pt,4023.0,"TOTAL MILK, CREAM AND CHEESE"
1603,DAIRY DESSERTS,16,OTHER MILKS AND DAIRY DESSERTS,pt,9016.0,MILK OTHER THAN WHOLE MILK
1603,DAIRY DESSERTS,16,OTHER MILKS AND DAIRY DESSERTS,pt,9017.0,OTHER MILK & CREAM
1603,DAIRY DESSERTS,16,OTHER MILKS AND DAIRY DESSERTS,pt,10016.0,"DRIED,INST,SKIM MILK,YOG & OTHER MILK"
1604,OTHER MILKS,16,OTHER MILKS AND DAIRY DESSERTS,pt,4017.0,TOTAL MILK AND CREAM
1604,OTHER MILKS,16,OTHER MILKS AND DAIRY DESSERTS,pt,4023.0,"TOTAL MILK, CREAM AND CHEESE"
1604,OTHER MILKS,16,OTHER MILKS AND DAIRY DESSERTS,pt,9016.0,MILK OTHER THAN WHOLE MILK
1604,OTHER MILKS,16,OTHER MILKS AND DAIRY DESSERTS,pt,9017.0,OTHER MILK & CREAM
1604,OTHER MILKS,16,OTHER MILKS AND DAIRY DESSERTS,pt,10016.0,"DRIED,INST,SKIM MILK,YOG & OTHER MILK"
1701,CREAM,17,CREAM,pt,4017.0,TOTAL MILK AND CREAM
1701,CREAM,17,CREAM,pt,4023.0,"TOTAL MILK, CREAM AND CHEESE"
1701,CREAM,17,CREAM,pt,9017.0,OTHER MILK & CREAM
2201,CHEESE NAT HARD CHEDDAR AND CHEDDAR TYPE,22,CHEESE NATURAL,oz,4023.0,"TOTAL MILK, CREAM AND CHEESE"
2201,CHEESE NAT HARD CHEDDAR AND CHEDDAR TYPE,22,CHEESE NATURAL,oz,22023.0,TOTAL CHEESE
2202,CHEESE NAT HARD OTHER UK VAR & FOR EQUIV,22,CHEESE NATURAL,oz,4023.0,"TOTAL MILK, CREAM AND CHEESE"
2202,CHEESE NAT HARD OTHER UK VAR & FOR EQUIV,22,CHEESE NATURAL,oz,22023.0,TOTAL CHEESE
2203,CHEESE NAT HARD EDAM & OTHER CONTINENTAL,22,CHEESE NATURAL,oz,4023.0,"TOTAL MILK, CREAM AND CHEESE"
2203,CHEESE NAT HARD EDAM & OTHER CONTINENTAL,22,CHEESE NATURAL,oz,22023.0,TOTAL CHEESE
2204,CHEESE NATURAL SOFT,22,CHEESE NATURAL,oz,4023.0,"TOTAL MILK, CREAM AND CHEESE"
2204,CHEESE NATURAL SOFT,22,CHEESE NATURAL,oz,22023.0,TOTAL CHEESE
2205,COTTAGE CHEESE,22,CHEESE NATURAL,oz,4023.0,"TOTAL MILK, CREAM AND CHEESE"
2205,COTTAGE CHEESE,22,CHEESE NATURAL,oz,22023.0,TOTAL CHEESE
2206,OTHER CHEESE NATURAL SOFT,22,CHEESE NATURAL,oz,4023.0,"TOTAL MILK, CREAM AND CHEESE"
2206,OTHER CHEESE NATURAL SOFT,22,CHEESE NATURAL,oz,22023.0,TOTAL CHEESE
2301,CHEESE PROCESSED,23,CHEESE PROCESSED,oz,4023.0,"TOTAL MILK, CREAM AND CHEESE"
2301,CHEESE PROCESSED,23,CHEESE PROCESSED,oz,22023.0,TOTAL CHEESE
3101,BEEF STEAK INCL STEWING AND STK & KIDNEY,31,BEEF AND VEAL,oz,31041.0,ALL CARCASE MEAT
3101,BEEF STEAK INCL STEWING AND STK & KIDNEY,31,BEEF AND VEAL,oz,31094.0,ALL MEAT AND MEAT PRODUCTS
3102,BEEF JOINTS ON THE BONE INCL SIDES,31,BEEF AND VEAL,oz,31041.0,ALL CARCASE MEAT
3102,BEEF JOINTS ON THE BONE INCL SIDES,31,BEEF AND VEAL,oz,31094.0,ALL MEAT AND MEAT PRODUCTS
3103,BEEF JOINTS BONED,31,BEEF AND VEAL,oz,31041.0,ALL CARCASE MEAT
3103,BEEF JOINTS BONED,31,BEEF AND VEAL,oz,31094.0,ALL MEAT AND MEAT PRODUCTS
3104,BEEF STEAK (LESS EXPENSIVE),31,BEEF AND VEAL,oz,31041.0,ALL CARCASE MEAT
3104,BEEF STEAK (LESS EXPENSIVE),31,BEEF AND VEAL,oz,31094.0,ALL MEAT AND MEAT PRODUCTS
3105,BEEF STEAK (MORE EXPENSIVE),31,BEEF AND VEAL,oz,31041.0,ALL CARCASE MEAT
3105,BEEF STEAK (MORE EXPENSIVE),31,BEEF AND VEAL,oz,31094.0,ALL MEAT AND MEAT PRODUCTS
3106,BEEF MINCED,31,BEEF AND VEAL,oz,31041.0,ALL CARCASE MEAT
3106,BEEF MINCED,31,BEEF AND VEAL,oz,31094.0,ALL MEAT AND MEAT PRODUCTS
3107,"ALL OTHER BEEF, AND VEAL",31,BEEF AND VEAL,oz,31041.0,ALL CARCASE MEAT
3107,"ALL OTHER BEEF, AND VEAL",31,BEEF AND VEAL,oz,31094.0,ALL MEAT AND MEAT PRODUCTS
3108,VEAL,31,BEEF AND VEAL,oz,31041.0,ALL CARCASE MEAT
3108,VEAL,31,BEEF AND VEAL,oz,31094.0,ALL MEAT AND MEAT PRODUCTS
3109,ALL OTHER BEEF,31,BEEF AND VEAL,oz,31041.0,ALL CARCASE MEAT
3109,ALL OTHER BEEF,31,BEEF AND VEAL,oz,31094.0,ALL MEAT AND MEAT PRODUCTS
3601,MUTTON,36,MUTTON AND LAMB,oz,31041.0,ALL CARCASE MEAT
3601,MUTTON,36,MUTTON AND LAMB,oz,31094.0,ALL MEAT AND MEAT PRODUCTS
3602,LAMB JOINTS INCL SIDES,36,MUTTON AND LAMB,oz,31041.0,ALL CARCASE MEAT
3602,LAMB JOINTS INCL SIDES,36,MUTTON AND LAMB,oz,31094.0,ALL MEAT AND MEAT PRODUCTS
3603,LAMB CHOPS INCL CUTLETS & FILLETS,36,MUTTON AND LAMB,oz,31041.0,ALL CARCASE MEAT
3603,LAMB CHOPS INCL CUTLETS & FILLETS,36,MUTTON AND LAMB,oz,31094.0,ALL MEAT AND MEAT PRODUCTS
3604,ALL OTHER LAMB,36,MUTTON AND LAMB,oz,31041.0,ALL CARCASE MEAT
3604,ALL OTHER LAMB,36,MUTTON AND LAMB,oz,31094.0,ALL MEAT AND MEAT PRODUCTS
4101,PORK JOINTS INCL SIDES,41,PORK,oz,31041.0,ALL CARCASE MEAT
4101,PORK JOINTS INCL SIDES,41,PORK,oz,31094.0,ALL MEAT AND MEAT PRODUCTS
4102,PORK CHOPS,41,PORK,oz,31041.0,ALL CARCASE MEAT
4102,PORK CHOPS,41,PORK,oz,31094.0,ALL MEAT AND MEAT PRODUCTS
4103,PORK FILLETS AND STEAKS,41,PORK,oz,31041.0,ALL CARCASE MEAT
4103,PORK FILLETS AND STEAKS,41,PORK,oz,31094.0,ALL MEAT AND MEAT PRODUCTS
4104,ALL OTHER PORK,41,PORK,oz,31041.0,ALL CARCASE MEAT
4104,ALL OTHER PORK,41,PORK,oz,31094.0,ALL MEAT AND MEAT PRODUCTS
4601,ALL LIVER,46,LIVER,oz,31094.0,ALL MEAT AND MEAT PRODUCTS
4601,ALL LIVER,46,LIVER,oz,46051.0,OFFALS
4601,ALL LIVER,46,LIVER,oz,46094.0,ALL NON-CARCASE MEAT AND MEAT PRODUCTS
4602,OX AND CALVES LIVER,46,LIVER,oz,31094.0,ALL MEAT AND MEAT PRODUCTS
4602,OX AND CALVES LIVER,46,LIVER,oz,46051.0,OFFALS
4602,OX AND CALVES LIVER,46,LIVER,oz,46094.0,ALL NON-CARCASE MEAT AND MEAT PRODUCTS
4603,OX LIVER,46,LIVER,oz,31094.0,ALL MEAT AND MEAT PRODUCTS
4603,OX LIVER,46,LIVER,oz,46051.0,OFFALS
4603,OX LIVER,46,LIVER,oz,46094.0,ALL NON-CARCASE MEAT AND MEAT PRODUCTS
4604,LAMBS LIVER,46,LIVER,oz,31094.0,ALL MEAT AND MEAT PRODUCTS
4604,LAMBS LIVER,46,LIVER,oz,46051.0,OFFALS
4604,LAMBS LIVER,46,LIVER,oz,46094.0,ALL NON-CARCASE MEAT AND MEAT PRODUCTS
4605,PIGS LIVER,46,LIVER,oz,31094.0,ALL MEAT AND MEAT PRODUCTS
4605,PIGS LIVER,46,LIVER,oz,46051.0,OFFALS
4605,PIGS LIVER,46,LIVER,oz,46094.0,ALL NON-CARCASE MEAT AND MEAT PRODUCTS
4606,OTHER LIVER (EXC. CALVES LIVER),46,LIVER,oz,31094.0,ALL MEAT AND MEAT PRODUCTS
4606,OTHER LIVER (EXC. CALVES LIVER),46,LIVER,oz,46051.0,OFFALS
4606,OTHER LIVER (EXC. CALVES LIVER),46,LIVER,oz,46094.0,ALL NON-CARCASE MEAT AND MEAT PRODUCTS
4607,OTHER LIVER (INC. CALVES LIVER),46,LIVER,oz,31094.0,ALL MEAT AND MEAT PRODUCTS
4607,OTHER LIVER (INC. CALVES LIVER),46,LIVER,oz,46051.0,OFFALS
4607,OTHER LIVER (INC. CALVES LIVER),46,LIVER,oz,46094.0,ALL NON-CARCASE MEAT AND MEAT PRODUCTS
5101,OFFALS  (OTHER  THAN LIVER),51,OFFALS (OTHER THAN LIVER),oz,31094.0,ALL MEAT AND MEAT PRODUCTS
5101,OFFALS  (OTHER  THAN LIVER),51,OFFALS (OTHER THAN LIVER),oz,46051.0,OFFALS
5101,OFFALS  (OTHER  THAN LIVER),51,OFFALS (OTHER THAN LIVER),oz,46094.0,ALL NON-CARCASE MEAT AND MEAT PRODUCTS
5501,BACON  &  HAM  UNCOOKED,55,BACON AND HAM UNCOOKED,oz,31094.0,ALL MEAT AND MEAT PRODUCTS
5501,BACON  &  HAM  UNCOOKED,55,BACON AND HAM UNCOOKED,oz,46094.0,ALL NON-CARCASE MEAT AND MEAT PRODUCTS
5502,BACON & HAM UNCOOKED JOINTS,55,BACON AND HAM UNCOOKED,oz,31094.0,ALL MEAT AND MEAT PRODUCTS
5502,BACON & HAM UNCOOKED JOINTS,55,BACON AND HAM UNCOOKED,oz,46094.0,ALL NON-CARCASE MEAT AND MEAT PRODUCTS
5503,BACON & HAM UNCOOKED RASHERS PREPACKED,55,BACON AND HAM UNCOOKED,oz,31094.0,ALL MEAT AND MEAT PRODUCTS
5503,BACON & HAM UNCOOKED RASHERS PREPACKED,55,BACON AND HAM UNCOOKED,oz,46094.0,ALL NON-CARCASE MEAT AND MEAT PRODUCTS
5504,BACON & HAM UNCOOKED RASHERS NOT PREPCKD,55,BACON AND HAM UNCOOKED,oz,31094.0,ALL MEAT AND MEAT PRODUCTS
5504,BACON & HAM UNCOOKED RASHERS NOT PREPCKD,55,BACON AND HAM UNCOOKED,oz,46094.0,ALL NON-CARCASE MEAT AND MEAT PRODUCTS
5801,BACON  &  HAM  COOKED (INCL CANNED),58,BACON AND HAM COOKED (INCL CANNED),oz,31094.0,ALL MEAT AND MEAT PRODUCTS
5801,BACON  &  HAM  COOKED (INCL CANNED),58,BACON AND HAM COOKED (INCL CANNED),oz,46094.0,ALL NON-CARCASE MEAT AND MEAT PRODUCTS
5901,COOKED POULTRY (INCL CANNED),59,COOKED POULTRY NOT PURCHASED IN CANS,oz,31094.0,ALL MEAT AND MEAT PRODUCTS
5901,COOKED POULTRY (INCL CANNED),59,COOKED POULTRY NOT PURCHASED IN CANS,oz,46094.0,ALL NON-CARCASE MEAT AND MEAT PRODUCTS
5902,COOKED POULTRY NOT PURCHASED IN CANS,59,COOKED POULTRY NOT PURCHASED IN CANS,oz,31094.0,ALL MEAT AND MEAT PRODUCTS
5902,COOKED POULTRY NOT PURCHASED IN CANS,59,COOKED POULTRY NOT PURCHASED IN CANS,oz,46094.0,ALL NON-CARCASE MEAT AND MEAT PRODUCTS
5903,COOKED POULTRY NOT PURCHASED IN CANS,59,COOKED POULTRY NOT PURCHASED IN CANS,oz,31094.0,ALL MEAT AND MEAT PRODUCTS
5903,COOKED POULTRY NOT PURCHASED IN CANS,59,COOKED POULTRY NOT PURCHASED IN CANS,oz,46094.0,ALL NON-CARCASE MEAT AND MEAT PRODUCTS
5904,TAKEAWAY COOKED POULTRY,59,COOKED POULTRY NOT PURCHASED IN CANS,oz,31094.0,ALL MEAT AND MEAT PRODUCTS
5904,TAKEAWAY COOKED POULTRY,59,COOKED POULTRY NOT PURCHASED IN CANS,oz,46094.0,ALL NON-CARCASE MEAT AND MEAT PRODUCTS
6201,CORNED MEAT,62,CORNED MEAT,oz,31094.0,ALL MEAT AND MEAT PRODUCTS
6201,CORNED MEAT,62,CORNED MEAT,oz,46094.0,ALL NON-CARCASE MEAT AND MEAT PRODUCTS
6201,CORNED MEAT,62,CORNED MEAT,oz,62071.0,OTHER COOKED MEAT INC. CANNED
6601,OTHER COOKED MEAT (NOT PURCH IN CANS),66,OTHER COOKED MEAT (NOT PURCH IN CANS),oz,31094.0,ALL MEAT AND MEAT PRODUCTS
6601,OTHER COOKED MEAT (NOT PURCH IN CANS),66,OTHER COOKED MEAT (NOT PURCH IN CANS),oz,46094.0,ALL NON-CARCASE MEAT AND MEAT PRODUCTS
6601,OTHER COOKED MEAT (NOT PURCH IN CANS),66,OTHER COOKED MEAT (NOT PURCH IN CANS),oz,62071.0,OTHER COOKED MEAT INC. CANNED
7101,OTHER CANNED MEAT (EXCL POULTRY),71,OTHER CANNED MEAT AND CANNED MEAT PRODS,oz,31094.0,ALL MEAT AND MEAT PRODUCTS
7101,OTHER CANNED MEAT (EXCL POULTRY),71,OTHER CANNED MEAT AND CANNED MEAT PRODS,oz,46094.0,ALL NON-CARCASE MEAT AND MEAT PRODUCTS
7101,OTHER CANNED MEAT (EXCL POULTRY),71,OTHER CANNED MEAT AND CANNED MEAT PRODS,oz,62071.0,OTHER COOKED MEAT INC. CANNED
7102,OTHER CANNED MEAT AND CANNED MEAT PRODS,71,OTHER CANNED MEAT AND CANNED MEAT PRODS,oz,31094.0,ALL MEAT AND MEAT PRODUCTS
7102,OTHER CANNED MEAT AND CANNED MEAT PRODS,71,OTHER CANNED MEAT AND CANNED MEAT PRODS,oz,46094.0,ALL NON-CARCASE MEAT AND MEAT PRODUCTS
7102,OTHER CANNED MEAT AND CANNED MEAT PRODS,71,OTHER CANNED MEAT AND CANNED MEAT PRODS,oz,62071.0,OTHER COOKED MEAT INC. CANNED
7301,BROILER CHICKEN UNCOOKED (INCL FROZEN),73,BROILER CHICKEN UNCOOKED (INCL FROZEN),oz,31094.0,ALL MEAT AND MEAT PRODUCTS
7301,BROILER CHICKEN UNCOOKED (INCL FROZEN),73,BROILER CHICKEN UNCOOKED (INCL FROZEN),oz,46094.0,ALL NON-CARCASE MEAT AND MEAT PRODUCTS
7301,BROILER CHICKEN UNCOOKED (INCL FROZEN),73,BROILER CHICKEN UNCOOKED (INCL FROZEN),oz,73077.0,ALL UNCOOKED POULTRY
7701,OTHER POULTRY UNCOOKED (INCL FROZEN),77,OTHER POULTRY UNCOOKED (INCL FROZEN),oz,31094.0,ALL MEAT AND MEAT PRODUCTS
7701,OTHER POULTRY UNCOOKED (INCL FROZEN),77,OTHER POULTRY UNCOOKED (INCL FROZEN),oz,46094.0,ALL NON-CARCASE MEAT AND MEAT PRODUCTS
7701,OTHER POULTRY UNCOOKED (INCL FROZEN),77,OTHER POULTRY UNCOOKED (INCL FROZEN),oz,73077.0,ALL UNCOOKED POULTRY
7702,CHICKEN UNCOOKED NOT BROILER,77,OTHER POULTRY UNCOOKED (INCL FROZEN),oz,31094.0,ALL MEAT AND MEAT PRODUCTS
7702,CHICKEN UNCOOKED NOT BROILER,77,OTHER POULTRY UNCOOKED (INCL FROZEN),oz,46094.0,ALL NON-CARCASE MEAT AND MEAT PRODUCTS
7702,CHICKEN UNCOOKED NOT BROILER,77,OTHER POULTRY UNCOOKED (INCL FROZEN),oz,73077.0,ALL UNCOOKED POULTRY
7703,TURKEY UNCOOKED,77,OTHER POULTRY UNCOOKED (INCL FROZEN),oz,31094.0,ALL MEAT AND MEAT PRODUCTS
7703,TURKEY UNCOOKED,77,OTHER POULTRY UNCOOKED (INCL FROZEN),oz,46094.0,ALL NON-CARCASE MEAT AND MEAT PRODUCTS
7703,TURKEY UNCOOKED,77,OTHER POULTRY UNCOOKED (INCL FROZEN),oz,73077.0,ALL UNCOOKED POULTRY
7704,POULTRY UNCOOKED NOT CHICKEN OR TURKEY,77,OTHER POULTRY UNCOOKED (INCL FROZEN),oz,31094.0,ALL MEAT AND MEAT PRODUCTS
7704,POULTRY UNCOOKED NOT CHICKEN OR TURKEY,77,OTHER POULTRY UNCOOKED (INCL FROZEN),oz,46094.0,ALL NON-CARCASE MEAT AND MEAT PRODUCTS
7704,POULTRY UNCOOKED NOT CHICKEN OR TURKEY,77,OTHER POULTRY UNCOOKED (INCL FROZEN),oz,73077.0,ALL UNCOOKED POULTRY
7801,RABBIT  &  OTHER  MEAT,78,RABBIT AND OTHER MEAT,oz,31094.0,ALL MEAT AND MEAT PRODUCTS
7801,RABBIT  &  OTHER  MEAT,78,RABBIT AND OTHER MEAT,oz,46094.0,ALL NON-CARCASE MEAT AND MEAT PRODUCTS
7901,SAUSAGES  UNCOOKED  PORK,79,SAUSAGES UNCOOKED PORK,oz,31094.0,ALL MEAT AND MEAT PRODUCTS
7901,SAUSAGES  UNCOOKED  PORK,79,SAUSAGES UNCOOKED PORK,oz,46094.0,ALL NON-CARCASE MEAT AND MEAT PRODUCTS
7901,SAUSAGES  UNCOOKED  PORK,79,SAUSAGES UNCOOKED PORK,oz,79080.0,"SAUSAGES, UNCOOKED"
8001,SAUSAGES  UNCOOKED  BEEF,80,SAUSAGES UNCOOKED BEEF,oz,31094.0,ALL MEAT AND MEAT PRODUCTS
8001,SAUSAGES  UNCOOKED  BEEF,80,SAUSAGES UNCOOKED BEEF,oz,46094.0,ALL NON-CARCASE MEAT AND MEAT PRODUCTS
8001,SAUSAGES  UNCOOKED  BEEF,80,SAUSAGES UNCOOKED BEEF,oz,79080.0,"SAUSAGES, UNCOOKED"
8301,MEAT PIES & SAUSAGE ROLLS READY-TO-EAT,83,MEAT PIES AND SAUSAGE ROLLS READY TO EAT,oz,31094.0,ALL MEAT AND MEAT PRODUCTS
8301,MEAT PIES & SAUSAGE ROLLS READY-TO-EAT,83,MEAT PIES AND SAUSAGE ROLLS READY TO EAT,oz,46094.0,ALL NON-CARCASE MEAT AND MEAT PRODUCTS
8301,MEAT PIES & SAUSAGE ROLLS READY-TO-EAT,83,MEAT PIES AND SAUSAGE ROLLS READY TO EAT,oz,83094.0,OTHER MEAT PRODUCTS
8302,"MEAT PIES, READY-TO-EAT",83,MEAT PIES AND SAUSAGE ROLLS READY TO EAT,oz,31094.0,ALL MEAT AND MEAT PRODUCTS
8302,"MEAT PIES, READY-TO-EAT",83,MEAT PIES AND SAUSAGE ROLLS READY TO EAT,oz,46094.0,ALL NON-CARCASE MEAT AND MEAT PRODUCTS
8302,"MEAT PIES, READY-TO-EAT",83,MEAT PIES AND SAUSAGE ROLLS READY TO EAT,oz,83094.0,OTHER MEAT PRODUCTS
8303,"SAUSAGE ROLLS, READY-TO-EAT",83,MEAT PIES AND SAUSAGE ROLLS READY TO EAT,oz,31094.0,ALL MEAT AND MEAT PRODUCTS
8303,"SAUSAGE ROLLS, READY-TO-EAT",83,MEAT PIES AND SAUSAGE ROLLS READY TO EAT,oz,46094.0,ALL NON-CARCASE MEAT AND MEAT PRODUCTS
8303,"SAUSAGE ROLLS, READY-TO-EAT",83,MEAT PIES AND SAUSAGE ROLLS READY TO EAT,oz,83094.0,OTHER MEAT PRODUCTS
8801,FROZEN CONV MEAT/MEAT PRODS,88,TOTAL FROZEN CONV MEAT AND MEAT PRODS,oz,31094.0,ALL MEAT AND MEAT PRODUCTS
8801,FROZEN CONV MEAT/MEAT PRODS,88,TOTAL FROZEN CONV MEAT AND MEAT PRODS,oz,46094.0,ALL NON-CARCASE MEAT AND MEAT PRODUCTS
8801,FROZEN CONV MEAT/MEAT PRODS,88,TOTAL FROZEN CONV MEAT AND MEAT PRODS,oz,83094.0,OTHER MEAT PRODUCTS
8802,FROZEN BURGERS,88,TOTAL FROZEN CONV MEAT AND MEAT PRODS,oz,31094.0,ALL MEAT AND MEAT PRODUCTS
8802,FROZEN BURGERS,88,TOTAL FROZEN CONV MEAT AND MEAT PRODS,oz,46094.0,ALL NON-CARCASE MEAT AND MEAT PRODUCTS
8802,FROZEN BURGERS,88,TOTAL FROZEN CONV MEAT AND MEAT PRODS,oz,83094.0,OTHER MEAT PRODUCTS
8803,OTHER FROZEN CONVENIENCE MEATS,88,TOTAL FROZEN CONV MEAT AND MEAT PRODS,oz,31094.0,ALL MEAT AND MEAT PRODUCTS
8803,OTHER FROZEN CONVENIENCE MEATS,88,TOTAL FROZEN CONV MEAT AND MEAT PRODS,oz,46094.0,ALL NON-CARCASE MEAT AND MEAT PRODUCTS
8803,OTHER FROZEN CONVENIENCE MEATS,88,TOTAL FROZEN CONV MEAT AND MEAT PRODS,oz,83094.0,OTHER MEAT PRODUCTS
8804,FROZEN MEAT PIES PASTIES AND PUDDINGS,88,TOTAL FROZEN CONV MEAT AND MEAT PRODS,oz,31094.0,ALL MEAT AND MEAT PRODUCTS
8804,FROZEN MEAT PIES PASTIES AND PUDDINGS,88,TOTAL FROZEN CONV MEAT AND MEAT PRODS,oz,46094.0,ALL NON-CARCASE MEAT AND MEAT PRODUCTS
8804,FROZEN MEAT PIES PASTIES AND PUDDINGS,88,TOTAL FROZEN CONV MEAT AND MEAT PRODS,oz,83094.0,OTHER MEAT PRODUCTS
8805,OTHER FROZEN CONVENIENCE MEATS,88,TOTAL FROZEN CONV MEAT AND MEAT PRODS,oz,31094.0,ALL MEAT AND MEAT PRODUCTS
8805,OTHER FROZEN CONVENIENCE MEATS,88,TOTAL FROZEN CONV MEAT AND MEAT PRODS,oz,46094.0,ALL NON-CARCASE MEAT AND MEAT PRODUCTS
8805,OTHER FROZEN CONVENIENCE MEATS,88,TOTAL FROZEN CONV MEAT AND MEAT PRODS,oz,83094.0,OTHER MEAT PRODUCTS
9301,PATE,93,PATE AND DELICATESSEN-TYPE SAUSAGE,oz,31094.0,ALL MEAT AND MEAT PRODUCTS
9301,PATE,93,PATE AND DELICATESSEN-TYPE SAUSAGE,oz,46094.0,ALL NON-CARCASE MEAT AND MEAT PRODUCTS
9301,PATE,93,PATE AND DELICATESSEN-TYPE SAUSAGE,oz,83094.0,OTHER MEAT PRODUCTS
9301,PATE,93,PATE AND DELICATESSEN-TYPE SAUSAGE,oz,93094.0,PATE AND OTHER MEAT PRODUCTS
9302,DELICATESSEN-TYPE SAUSAGE,93,PATE AND DELICATESSEN-TYPE SAUSAGE,oz,31094.0,ALL MEAT AND MEAT PRODUCTS
9302,DELICATESSEN-TYPE SAUSAGE,93,PATE AND DELICATESSEN-TYPE SAUSAGE,oz,46094.0,ALL NON-CARCASE MEAT AND MEAT PRODUCTS
9302,DELICATESSEN-TYPE SAUSAGE,93,PATE AND DELICATESSEN-TYPE SAUSAGE,oz,83094.0,OTHER MEAT PRODUCTS
9302,DELICATESSEN-TYPE SAUSAGE,93,PATE AND DELICATESSEN-TYPE SAUSAGE,oz,93094.0,PATE AND OTHER MEAT PRODUCTS
9401,OTHER MEAT PRODUCTS,94,OTHER MEAT PRODUCTS,oz,31094.0,ALL MEAT AND MEAT PRODUCTS
9401,OTHER MEAT PRODUCTS,94,OTHER MEAT PRODUCTS,oz,46094.0,ALL NON-CARCASE MEAT AND MEAT PRODUCTS
9401,OTHER MEAT PRODUCTS,94,OTHER MEAT PRODUCTS,oz,83094.0,OTHER MEAT PRODUCTS
9401,OTHER MEAT PRODUCTS,94,OTHER MEAT PRODUCTS,oz,93094.0,PATE AND OTHER MEAT PRODUCTS
9402,DELICATESSEN-TYPE SAUSAGES,94,OTHER MEAT PRODUCTS,oz,31094.0,ALL MEAT AND MEAT PRODUCTS
9402,DELICATESSEN-TYPE SAUSAGES,94,OTHER MEAT PRODUCTS,oz,46094.0,ALL NON-CARCASE MEAT AND MEAT PRODUCTS
9402,DELICATESSEN-TYPE SAUSAGES,94,OTHER MEAT PRODUCTS,oz,83094.0,OTHER MEAT PRODUCTS
9402,DELICATESSEN-TYPE SAUSAGES,94,OTHER MEAT PRODUCTS,oz,93094.0,PATE AND OTHER MEAT PRODUCTS
9403,MEAT PASTES AND SPREADS,94,OTHER MEAT PRODUCTS,oz,31094.0,ALL MEAT AND MEAT PRODUCTS
9403,MEAT PASTES AND SPREADS,94,OTHER MEAT PRODUCTS,oz,46094.0,ALL NON-CARCASE MEAT AND MEAT PRODUCTS
9403,MEAT PASTES AND SPREADS,94,OTHER MEAT PRODUCTS,oz,83094.0,OTHER MEAT PRODUCTS
9403,MEAT PASTES AND SPREADS,94,OTHER MEAT PRODUCTS,oz,93094.0,PATE AND OTHER MEAT PRODUCTS
9404,MEAT PIES PASTIES PUDDINGS,94,OTHER MEAT PRODUCTS,oz,31094.0,ALL MEAT AND MEAT PRODUCTS
9404,MEAT PIES PASTIES PUDDINGS,94,OTHER MEAT PRODUCTS,oz,46094.0,ALL NON-CARCASE MEAT AND MEAT PRODUCTS
9404,MEAT PIES PASTIES PUDDINGS,94,OTHER MEAT PRODUCTS,oz,83094.0,OTHER MEAT PRODUCTS
9404,MEAT PIES PASTIES PUDDINGS,94,OTHER MEAT PRODUCTS,oz,93094.0,PATE AND OTHER MEAT PRODUCTS
9405,READY MEALS,94,OTHER MEAT PRODUCTS,oz,31094.0,ALL MEAT AND MEAT PRODUCTS
9405,READY MEALS,94,OTHER MEAT PRODUCTS,oz,46094.0,ALL NON-CARCASE MEAT AND MEAT PRODUCTS
9405,READY MEALS,94,OTHER MEAT PRODUCTS,oz,83094.0,OTHER MEAT PRODUCTS
9405,READY MEALS,94,OTHER MEAT PRODUCTS,oz,93094.0,PATE AND OTHER MEAT PRODUCTS
9406,OTHER MEAT PRODUCTS NSE,94,OTHER MEAT PRODUCTS,oz,31094.0,ALL MEAT AND MEAT PRODUCTS
9406,OTHER MEAT PRODUCTS NSE,94,OTHER MEAT PRODUCTS,oz,46094.0,ALL NON-CARCASE MEAT AND MEAT PRODUCTS
9406,OTHER MEAT PRODUCTS NSE,94,OTHER MEAT PRODUCTS,oz,83094.0,OTHER MEAT PRODUCTS
9406,OTHER MEAT PRODUCTS NSE,94,OTHER MEAT PRODUCTS,oz,93094.0,PATE AND OTHER MEAT PRODUCTS
9407,"MEAT PIES, PASTIES & PUDDINGS",94,OTHER MEAT PRODUCTS,oz,31094.0,ALL MEAT AND MEAT PRODUCTS
9407,"MEAT PIES, PASTIES & PUDDINGS",94,OTHER MEAT PRODUCTS,oz,46094.0,ALL NON-CARCASE MEAT AND MEAT PRODUCTS
9407,"MEAT PIES, PASTIES & PUDDINGS",94,OTHER MEAT PRODUCTS,oz,83094.0,OTHER MEAT PRODUCTS
9407,"MEAT PIES, PASTIES & PUDDINGS",94,OTHER MEAT PRODUCTS,oz,93094.0,PATE AND OTHER MEAT PRODUCTS
9408,TAKEAWAY MEAT PIES PASTIES & PUDDINGS,94,OTHER MEAT PRODUCTS,oz,31094.0,ALL MEAT AND MEAT PRODUCTS
9408,TAKEAWAY MEAT PIES PASTIES & PUDDINGS,94,OTHER MEAT PRODUCTS,oz,46094.0,ALL NON-CARCASE MEAT AND MEAT PRODUCTS
9408,TAKEAWAY MEAT PIES PASTIES & PUDDINGS,94,OTHER MEAT PRODUCTS,oz,83094.0,OTHER MEAT PRODUCTS
9408,TAKEAWAY MEAT PIES PASTIES & PUDDINGS,94,OTHER MEAT PRODUCTS,oz,93094.0,PATE AND OTHER MEAT PRODUCTS
9409,READY MEALS,94,OTHER MEAT PRODUCTS,oz,31094.0,ALL MEAT AND MEAT PRODUCTS
9409,READY MEALS,94,OTHER MEAT PRODUCTS,oz,46094.0,ALL NON-CARCASE MEAT AND MEAT PRODUCTS
9409,READY MEALS,94,OTHER MEAT PRODUCTS,oz,83094.0,OTHER MEAT PRODUCTS
9409,READY MEALS,94,OTHER MEAT PRODUCTS,oz,93094.0,PATE AND OTHER MEAT PRODUCTS
9410,TAKEAWAY READY MEALS,94,OTHER MEAT PRODUCTS,oz,31094.0,ALL MEAT AND MEAT PRODUCTS
9410,TAKEAWAY READY MEALS,94,OTHER MEAT PRODUCTS,oz,46094.0,ALL NON-CARCASE MEAT AND MEAT PRODUCTS
9410,TAKEAWAY READY MEALS,94,OTHER MEAT PRODUCTS,oz,83094.0,OTHER MEAT PRODUCTS
9410,TAKEAWAY READY MEALS,94,OTHER MEAT PRODUCTS,oz,93094.0,PATE AND OTHER MEAT PRODUCTS
9411,OTHER MEAT PRODUCTS NOT CLASSIFIED ELSWH,94,OTHER MEAT PRODUCTS,oz,31094.0,ALL MEAT AND MEAT PRODUCTS
9411,OTHER MEAT PRODUCTS NOT CLASSIFIED ELSWH,94,OTHER MEAT PRODUCTS,oz,46094.0,ALL NON-CARCASE MEAT AND MEAT PRODUCTS
9411,OTHER MEAT PRODUCTS NOT CLASSIFIED ELSWH,94,OTHER MEAT PRODUCTS,oz,83094.0,OTHER MEAT PRODUCTS
9411,OTHER MEAT PRODUCTS NOT CLASSIFIED ELSWH,94,OTHER MEAT PRODUCTS,oz,93094.0,PATE AND OTHER MEAT PRODUCTS
10001,FISH  WHITE  FILLETED FRESH,100,FISH WHITE FILLETED FRESH,oz,100117.0,"FISH, FRESH, FROZEN AND PROCESSED"
10001,FISH  WHITE  FILLETED FRESH,100,FISH WHITE FILLETED FRESH,oz,100127.0,ALL FISH
10501,FISH  WHITE  UNFILLETED FRESH,105,FISH WHITE UNFILLETED FRESH,oz,100117.0,"FISH, FRESH, FROZEN AND PROCESSED"
10501,FISH  WHITE  UNFILLETED FRESH,105,FISH WHITE UNFILLETED FRESH,oz,100127.0,ALL FISH
11001,FISH  WHITE  UNCOOKED FROZEN,110,FISH WHITE UNCOOKED FROZEN,oz,100117.0,"FISH, FRESH, FROZEN AND PROCESSED"
11001,FISH  WHITE  UNCOOKED FROZEN,110,FISH WHITE UNCOOKED FROZEN,oz,100127.0,ALL FISH
11101,FISH  HERRING  FILLETED FRESH,111,FISH HERRING FILLETED FRESH,oz,100117.0,"FISH, FRESH, FROZEN AND PROCESSED"
11101,FISH  HERRING  FILLETED FRESH,111,FISH HERRING FILLETED FRESH,oz,100127.0,ALL FISH
11201,FISH  HERRING  UNFILLETED FRESH,112,FISH HERRING UNFILLETED FRESH,oz,100117.0,"FISH, FRESH, FROZEN AND PROCESSED"
11201,FISH  HERRING  UNFILLETED FRESH,112,FISH HERRING UNFILLETED FRESH,oz,100127.0,ALL FISH
11301,FISH  FAT OTHER THAN HERRING FRESH,113,FISH FAT OTHER THAN HERRING FRESH,oz,100117.0,"FISH, FRESH, FROZEN AND PROCESSED"
11301,FISH  FAT OTHER THAN HERRING FRESH,113,FISH FAT OTHER THAN HERRING FRESH,oz,100127.0,ALL FISH
11302,FISH FRESH SALMON,113,FISH FAT OTHER THAN HERRING FRESH,oz,100117.0,"FISH, FRESH, FROZEN AND PROCESSED"
11302,FISH FRESH SALMON,113,FISH FAT OTHER THAN HERRING FRESH,oz,100127.0,ALL FISH
11303,FISH FRESH BLUE NOT SALMON OR HERRING,113,FISH FAT OTHER THAN HERRING FRESH,oz,100117.0,"FISH, FRESH, FROZEN AND PROCESSED"
11303,FISH FRESH BLUE NOT SALMON OR HERRING,113,FISH FAT OTHER THAN HERRING FRESH,oz,100127.0,ALL FISH
11401,FISH  WHITE  PROCESSED,114,FISH WHITE PROCESSED,oz,100117.0,"FISH, FRESH, FROZEN AND PROCESSED"
11401,FISH  WHITE  PROCESSED,114,FISH WHITE PROCESSED,oz,100127.0,ALL FISH
11401,FISH  WHITE  PROCESSED,114,FISH WHITE PROCESSED,oz,114117.0,"FISH, SHELL AND PROCESSED"
11501,FISH  FAT  PROCESSED FILLETED,115,FISH FAT PROCESSED FILLETED,oz,100117.0,"FISH, FRESH, FROZEN AND PROCESSED"
11501,FISH  FAT  PROCESSED FILLETED,115,FISH FAT PROCESSED FILLETED,oz,100127.0,ALL FISH
11501,FISH  FAT  PROCESSED FILLETED,115,FISH FAT PROCESSED FILLETED,oz,114117.0,"FISH, SHELL AND PROCESSED"
11601,FISH  FAT  PROCESSED UNFILLETED,116,FISH FAT PROCESSED UNFILLETED,oz,100117.0,"FISH, FRESH, FROZEN AND PROCESSED"
11601,FISH  FAT  PROCESSED UNFILLETED,116,FISH FAT PROCESSED UNFILLETED,oz,100127.0,ALL FISH
11601,FISH  FAT  PROCESSED UNFILLETED,116,FISH FAT PROCESSED UNFILLETED,oz,114117.0,"FISH, SHELL AND PROCESSED"
11701,FISH  SHELL,117,FISH SHELL,oz,100117.0,"FISH, FRESH, FROZEN AND PROCESSED"
11701,FISH  SHELL,117,FISH SHELL,oz,100127.0,ALL FISH
11701,FISH  SHELL,117,FISH SHELL,oz,114117.0,"FISH, SHELL AND PROCESSED"
11801,FISH  COOKED,118,FISH COOKED,oz,100127.0,ALL FISH
11801,FISH  COOKED,118,FISH COOKED,oz,118123.0,"PREPARED FISH, COOKED CANNED & PRODUCTS"
11801,FISH  COOKED,118,FISH COOKED,oz,118127.0,"FISH AND FISH PRODUCTS, CONVENIENCE"
11901,SALMON  CANNED,119,SALMON CANNED,oz,100127.0,ALL FISH
11901,SALMON  CANNED,119,SALMON CANNED,oz,118123.0,"PREPARED FISH, COOKED CANNED & PRODUCTS"
11901,SALMON  CANNED,119,SALMON CANNED,oz,118127.0,"FISH AND FISH PRODUCTS, CONVENIENCE"
11901,SALMON  CANNED,119,SALMON CANNED,oz,119120.0,CANNED FISH
12001,OTHER  CANNED  OR  BOTTLED  FISH,120,OTHER CANNED OR BOTTLED FISH,oz,100127.0,ALL FISH
12001,OTHER  CANNED  OR  BOTTLED  FISH,120,OTHER CANNED OR BOTTLED FISH,oz,118123.0,"PREPARED FISH, COOKED CANNED & PRODUCTS"
12001,OTHER  CANNED  OR  BOTTLED  FISH,120,OTHER CANNED OR BOTTLED FISH,oz,118127.0,"FISH AND FISH PRODUCTS, CONVENIENCE"
12001,OTHER  CANNED  OR  BOTTLED  FISH,120,OTHER CANNED OR BOTTLED FISH,oz,119120.0,CANNED FISH
12301,FISH PRODUCTS NOT FROZEN,123,FISH PRODUCTS NOT FROZEN,oz,100127.0,ALL FISH
12301,FISH PRODUCTS NOT FROZEN,123,FISH PRODUCTS NOT FROZEN,oz,118123.0,"PREPARED FISH, COOKED CANNED & PRODUCTS"
12301,FISH PRODUCTS NOT FROZEN,123,FISH PRODUCTS NOT FROZEN,oz,118127.0,"FISH AND FISH PRODUCTS, CONVENIENCE"
12302,FISH PRODUCTS NOT FROZEN,123,FISH PRODUCTS NOT FROZEN,oz,100127.0,ALL FISH
12302,FISH PRODUCTS NOT FROZEN,123,FISH PRODUCTS NOT FROZEN,oz,118123.0,"PREPARED FISH, COOKED CANNED & PRODUCTS"
12302,FISH PRODUCTS NOT FROZEN,123,FISH PRODUCTS NOT FROZEN,oz,118127.0,"FISH AND FISH PRODUCTS, CONVENIENCE"
12303,TAKEAWAY FISH PRODUCTS,123,FISH PRODUCTS NOT FROZEN,oz,100127.0,ALL FISH
12303,TAKEAWAY FISH PRODUCTS,123,FISH PRODUCTS NOT FROZEN,oz,118123.0,"PREPARED FISH, COOKED CANNED & PRODUCTS"
12303,TAKEAWAY FISH PRODUCTS,123,FISH PRODUCTS NOT FROZEN,oz,118127.0,"FISH AND FISH PRODUCTS, CONVENIENCE"
12701,FROZEN CONV FISH PRODS,127,FROZEN CONV FISH PRODUCTS,oz,100127.0,ALL FISH
12701,FROZEN CONV FISH PRODS,127,FROZEN CONV FISH PRODUCTS,oz,118127.0,"FISH AND FISH PRODUCTS, CONVENIENCE"
12901,EGGS,129,EGGS,egg,129129.0,EGGS
13501,BUTTER NEW ZEALAND,135,BUTTER,oz,135148.0,ALL FATS
13502,BUTTER DANISH,135,BUTTER,oz,135148.0,ALL FATS
13503,BUTTER UK,135,BUTTER,oz,135148.0,ALL FATS
13504,ALL OTHER BUTTER,135,BUTTER,oz,135148.0,ALL FATS
13801,MARGARINE SOFT,138,MARGARINE,oz,135148.0,ALL FATS
13802,MARGARINE OTHER,138,MARGARINE,oz,135148.0,ALL FATS
13901,LARD & COMPOUND COOKING FAT,139,LARD & COMPOUND COOKING FAT,oz,135148.0,ALL FATS
13901,LARD & COMPOUND COOKING FAT,139,LARD & COMPOUND COOKING FAT,oz,139148.0,OTHER FATS
14301,VEGETABLE COOKING OILS,143,VEGETABLE & SALAD OILS,floz,135148.0,ALL FATS
14301,VEGETABLE COOKING OILS,143,VEGETABLE & SALAD OILS,floz,139148.0,OTHER FATS
14301,VEGETABLE COOKING OILS,143,VEGETABLE & SALAD OILS,floz,143148.0,OILS AND OTHER FATS
14302,SALAD OILS,143,VEGETABLE & SALAD OILS,floz,135148.0,ALL FATS
14302,SALAD OILS,143,VEGETABLE & SALAD OILS,floz,139148.0,OTHER FATS
14302,SALAD OILS,143,VEGETABLE & SALAD OILS,floz,143148.0,OILS AND OTHER FATS
14303,VEGETABLE & SALAD OILS,143,VEGETABLE & SALAD OILS,floz,135148.0,ALL FATS
14303,VEGETABLE & SALAD OILS,143,VEGETABLE & SALAD OILS,floz,139148.0,OTHER FATS
14303,VEGETABLE & SALAD OILS,143,VEGETABLE & SALAD OILS,floz,143148.0,OILS AND OTHER FATS
14801,ALL OTHER FATS INC LOW FAT SPREADS,148,ALL OTHER FATS,oz,135148.0,ALL FATS
14801,ALL OTHER FATS INC LOW FAT SPREADS,148,ALL OTHER FATS,oz,139148.0,OTHER FATS
14801,ALL OTHER FATS INC LOW FAT SPREADS,148,ALL OTHER FATS,oz,143148.0,OILS AND OTHER FATS
14802,REDUCED FAT SPREADS,148,ALL OTHER FATS,oz,135148.0,ALL FATS
14802,REDUCED FAT SPREADS,148,ALL OTHER FATS,oz,139148.0,OTHER FATS
14802,REDUCED FAT SPREADS,148,ALL OTHER FATS,oz,143148.0,OILS AND OTHER FATS
14803,LOW-FAT SPREADS,148,ALL OTHER FATS,oz,135148.0,ALL FATS
14803,LOW-FAT SPREADS,148,ALL OTHER FATS,oz,139148.0,OTHER FATS
14803,LOW-FAT SPREADS,148,ALL OTHER FATS,oz,143148.0,OILS AND OTHER FATS
14804,OTHER FATS,148,ALL OTHER FATS,oz,135148.0,ALL FATS
14804,OTHER FATS,148,ALL OTHER FATS,oz,139148.0,OTHER FATS
14804,OTHER FATS,148,ALL OTHER FATS,oz,143148.0,OILS AND OTHER FATS
14805,SUET & DRIPPING (SUET ONLY 72-75),148,ALL OTHER FATS,oz,135148.0,ALL FATS
14805,SUET & DRIPPING (SUET ONLY 72-75),148,ALL OTHER FATS,oz,139148.0,OTHER FATS
14805,SUET & DRIPPING (SUET ONLY 72-75),148,ALL OTHER FATS,oz,143148.0,OILS AND OTHER FATS
14806,DRIPPING,148,ALL OTHER FATS,oz,135148.0,ALL FATS
14806,DRIPPING,148,ALL OTHER FATS,oz,139148.0,OTHER FATS
14806,DRIPPING,148,ALL OTHER FATS,oz,143148.0,OILS AND OTHER FATS
14807,OTHER FATS N.E.S.,148,ALL OTHER FATS,oz,135148.0,ALL FATS
14807,OTHER FATS N.E.S.,148,ALL OTHER FATS,oz,139148.0,OTHER FATS
14807,OTHER FATS N.E.S.,148,ALL OTHER FATS,oz,143148.0,OILS AND OTHER FATS
15001,SUGAR,150,SUGAR,oz,150154.0,SUGAR AND PRESERVES
15101,JAMS  JELLIES  FRUIT  CURDS,151,JAMS JELLIES & FRUIT CURDS,oz,150154.0,SUGAR AND PRESERVES
15101,JAMS  JELLIES  FRUIT  CURDS,151,JAMS JELLIES & FRUIT CURDS,oz,151154.0,PRESERVES
15201,MARMALADE,152,MARMALADE,oz,150154.0,SUGAR AND PRESERVES
15201,MARMALADE,152,MARMALADE,oz,151154.0,PRESERVES
15301,SYRUP & TREACLE,153,SYRUP AND TREACLE,oz,150154.0,SUGAR AND PRESERVES
15301,SYRUP & TREACLE,153,SYRUP AND TREACLE,oz,151154.0,PRESERVES
15401,HONEY,154,HONEY,oz,150154.0,SUGAR AND PRESERVES
15401,HONEY,154,HONEY,oz,151154.0,PRESERVES
15501,POTS PREV YRS CROP PURCH JAN-AUG,155,POTATOES,oz,155161.0,POTATOES
15501,POTS PREV YRS CROP PURCH JAN-AUG,155,POTATOES,oz,155208.0,ALL VEGETABLES
15502,POTS CURR YRS CROP PURCH JAN-AUG,155,POTATOES,oz,155161.0,POTATOES
15502,POTS CURR YRS CROP PURCH JAN-AUG,155,POTATOES,oz,155208.0,ALL VEGETABLES
15503,POTS CURR YRS CROP PURCH SEPT-DEC,155,POTATOES,oz,155161.0,POTATOES
15503,POTS CURR YRS CROP PURCH SEPT-DEC,155,POTATOES,oz,155208.0,ALL VEGETABLES
15601,POTS PREV YRS CROP LOOSE PURCH JAN-AUG,156,POTS PREV YRS CROP NOT P/P PURCH JAN/AUG,oz,155161.0,POTATOES
15601,POTS PREV YRS CROP LOOSE PURCH JAN-AUG,156,POTS PREV YRS CROP NOT P/P PURCH JAN/AUG,oz,155208.0,ALL VEGETABLES
15601,POTS PREV YRS CROP LOOSE PURCH JAN-AUG,156,POTS PREV YRS CROP NOT P/P PURCH JAN/AUG,oz,156159.0,POTATOES PURCHASED JAN/AUG
15602,POTS PREV YRS CROP UNSPEC PURCH JAN-AUG,156,POTS PREV YRS CROP NOT P/P PURCH JAN/AUG,oz,155161.0,POTATOES
15602,POTS PREV YRS CROP UNSPEC PURCH JAN-AUG,156,POTS PREV YRS CROP NOT P/P PURCH JAN/AUG,oz,155208.0,ALL VEGETABLES
15602,POTS PREV YRS CROP UNSPEC PURCH JAN-AUG,156,POTS PREV YRS CROP NOT P/P PURCH JAN/AUG,oz,156159.0,POTATOES PURCHASED JAN/AUG
15701,POTS PREV YRS CROP P/P PURCH JAN/AUG,157,POTS PREV YRS CROP P/P PURCH JAN/AUG,oz,155161.0,POTATOES
15701,POTS PREV YRS CROP P/P PURCH JAN/AUG,157,POTS PREV YRS CROP P/P PURCH JAN/AUG,oz,155208.0,ALL VEGETABLES
15701,POTS PREV YRS CROP P/P PURCH JAN/AUG,157,POTS PREV YRS CROP P/P PURCH JAN/AUG,oz,156159.0,POTATOES PURCHASED JAN/AUG
15801,POTS CURR YRS CROP LOOSE PURCH JAN-AUG,158,POTS CURR YRS CROP NOT P/P PURCH JAN/AUG,oz,155161.0,POTATOES
15801,POTS CURR YRS CROP LOOSE PURCH JAN-AUG,158,POTS CURR YRS CROP NOT P/P PURCH JAN/AUG,oz,155208.0,ALL VEGETABLES
15801,POTS CURR YRS CROP LOOSE PURCH JAN-AUG,158,POTS CURR YRS CROP NOT P/P PURCH JAN/AUG,oz,156159.0,POTATOES PURCHASED JAN/AUG
15802,POTS CURR YRS CROP UNSPEC PURCH JAN-AUG,158,POTS CURR YRS CROP NOT P/P PURCH JAN/AUG,oz,155161.0,POTATOES
15802,POTS CURR YRS CROP UNSPEC PURCH JAN-AUG,158,POTS CURR YRS CROP NOT P/P PURCH JAN/AUG,oz,155208.0,ALL VEGETABLES
15802,POTS CURR YRS CROP UNSPEC PURCH JAN-AUG,158,POTS CURR YRS CROP NOT P/P PURCH JAN/AUG,oz,156159.0,POTATOES PURCHASED JAN/AUG
15901,POTS CURR YRS CROP P/P PURCH JAN/AUG,159,POTS CURR YRS CROP P/P PURCH JAN/AUG,oz,155161.0,POTATOES
15901,POTS CURR YRS CROP P/P PURCH JAN/AUG,159,POTS CURR YRS CROP P/P PURCH JAN/AUG,oz,155208.0,ALL VEGETABLES
15901,POTS CURR YRS CROP P/P PURCH JAN/AUG,159,POTS CURR YRS CROP P/P PURCH JAN/AUG,oz,156159.0,POTATOES PURCHASED JAN/AUG
16001,POTS CURR YRS CROP LOOSE PURCH SEPT-DEC,160,POTS CURR YRS CROP NOT P/P PURCH SEP/DEC,oz,155161.0,POTATOES
16001,POTS CURR YRS CROP LOOSE PURCH SEPT-DEC,160,POTS CURR YRS CROP NOT P/P PURCH SEP/DEC,oz,155208.0,ALL VEGETABLES
16002,POTS CURR YRS CROP UNSPEC PURCH SEP-DEC,160,POTS CURR YRS CROP NOT P/P PURCH SEP/DEC,oz,155161.0,POTATOES
16002,POTS CURR YRS CROP UNSPEC PURCH SEP-DEC,160,POTS CURR YRS CROP NOT P/P PURCH SEP/DEC,oz,155208.0,ALL VEGETABLES
16101,POTS CURR YRS CROP P/P PURCH SEP/DEC,161,POTS CURR YRS CROP P/P PURCH SEP/DEC,oz,155161.0,POTATOES
16101,POTS CURR YRS CROP P/P PURCH SEP/DEC,161,POTS CURR YRS CROP P/P PURCH SEP/DEC,oz,155208.0,ALL VEGETABLES
16201,CABBAGES  FRESH,162,CABBAGES FRESH,oz,155208.0,ALL VEGETABLES
16201,CABBAGES  FRESH,162,CABBAGES FRESH,oz,162164.0,"CABBAGE, BRUSSEL SPROUTS & CAULIFLOWER"
16201,CABBAGES  FRESH,162,CABBAGES FRESH,oz,162171.0,FRESH GREEN VEGETABLES
16301,BRUSSELS  FRESH,163,BRUSSELS FRESH,oz,155208.0,ALL VEGETABLES
16301,BRUSSELS  FRESH,163,BRUSSELS FRESH,oz,162164.0,"CABBAGE, BRUSSEL SPROUTS & CAULIFLOWER"
16301,BRUSSELS  FRESH,163,BRUSSELS FRESH,oz,162171.0,FRESH GREEN VEGETABLES
16401,CAULIFLOWERS  FRESH,164,CAULIFLOWERS FRESH,oz,155208.0,ALL VEGETABLES
16401,CAULIFLOWERS  FRESH,164,CAULIFLOWERS FRESH,oz,162164.0,"CABBAGE, BRUSSEL SPROUTS & CAULIFLOWER"
16401,CAULIFLOWERS  FRESH,164,CAULIFLOWERS FRESH,oz,162171.0,FRESH GREEN VEGETABLES
16701,LEAFY SALADS FRESH,167,LEAFY SALADS FRESH,oz,155208.0,ALL VEGETABLES
16701,LEAFY SALADS FRESH,167,LEAFY SALADS FRESH,oz,162171.0,FRESH GREEN VEGETABLES
16801,PEAS  FRESH,168,PEAS FRESH,oz,155208.0,ALL VEGETABLES
16801,PEAS  FRESH,168,PEAS FRESH,oz,162171.0,FRESH GREEN VEGETABLES
16901,BEANS  FRESH,169,BEANS FRESH,oz,155208.0,ALL VEGETABLES
16901,BEANS  FRESH,169,BEANS FRESH,oz,162171.0,FRESH GREEN VEGETABLES
17101,OTHER  FRESH  GREEN  VEGETABLES,171,OTHER FRESH GREEN VEGETABLES,oz,155208.0,ALL VEGETABLES
17101,OTHER  FRESH  GREEN  VEGETABLES,171,OTHER FRESH GREEN VEGETABLES,oz,162171.0,FRESH GREEN VEGETABLES
17201,CARROTS  FRESH,172,CARROTS FRESH,oz,155208.0,ALL VEGETABLES
17201,CARROTS  FRESH,172,CARROTS FRESH,oz,172183.0,OTHER FRESH VEGETABLES
17201,CARROTS  FRESH,172,CARROTS FRESH,oz,172208.0,"FRESH&PROCESS VEG,NOT GREENS&POTATOES"
17301,TURNIPS  AND  SWEDES  FRESH,173,TURNIPS & SWEDES FRESH,oz,155208.0,ALL VEGETABLES
17301,TURNIPS  AND  SWEDES  FRESH,173,TURNIPS & SWEDES FRESH,oz,172183.0,OTHER FRESH VEGETABLES
17301,TURNIPS  AND  SWEDES  FRESH,173,TURNIPS & SWEDES FRESH,oz,172208.0,"FRESH&PROCESS VEG,NOT GREENS&POTATOES"
17301,TURNIPS  AND  SWEDES  FRESH,173,TURNIPS & SWEDES FRESH,oz,173174.0,OTHER ROOT VEGETABLES
17401,OTHER  ROOT  VEG  FRESH,174,OTHER ROOT VEG FRESH,oz,155208.0,ALL VEGETABLES
17401,OTHER  ROOT  VEG  FRESH,174,OTHER ROOT VEG FRESH,oz,172183.0,OTHER FRESH VEGETABLES
17401,OTHER  ROOT  VEG  FRESH,174,OTHER ROOT VEG FRESH,oz,172208.0,"FRESH&PROCESS VEG,NOT GREENS&POTATOES"
17401,OTHER  ROOT  VEG  FRESH,174,OTHER ROOT VEG FRESH,oz,173174.0,OTHER ROOT VEGETABLES
17501,ONIONS  LEEKS  SHALLOTS  FRESH,175,ONIONS LEEKS SHALLOTS FRESH,oz,155208.0,ALL VEGETABLES
17501,ONIONS  LEEKS  SHALLOTS  FRESH,175,ONIONS LEEKS SHALLOTS FRESH,oz,172183.0,OTHER FRESH VEGETABLES
17501,ONIONS  LEEKS  SHALLOTS  FRESH,175,ONIONS LEEKS SHALLOTS FRESH,oz,172208.0,"FRESH&PROCESS VEG,NOT GREENS&POTATOES"
17601,CUCUMBERS  FRESH,176,CUCUMBERS FRESH,oz,155208.0,ALL VEGETABLES
17601,CUCUMBERS  FRESH,176,CUCUMBERS FRESH,oz,172183.0,OTHER FRESH VEGETABLES
17601,CUCUMBERS  FRESH,176,CUCUMBERS FRESH,oz,172208.0,"FRESH&PROCESS VEG,NOT GREENS&POTATOES"
17701,MUSHROOMS  FRESH,177,MUSHROOMS FRESH,oz,155208.0,ALL VEGETABLES
17701,MUSHROOMS  FRESH,177,MUSHROOMS FRESH,oz,172183.0,OTHER FRESH VEGETABLES
17701,MUSHROOMS  FRESH,177,MUSHROOMS FRESH,oz,172208.0,"FRESH&PROCESS VEG,NOT GREENS&POTATOES"
17801,TOMATOES  FRESH,178,TOMATOES FRESH,oz,155208.0,ALL VEGETABLES
17801,TOMATOES  FRESH,178,TOMATOES FRESH,oz,172183.0,OTHER FRESH VEGETABLES
17801,TOMATOES  FRESH,178,TOMATOES FRESH,oz,172208.0,"FRESH&PROCESS VEG,NOT GREENS&POTATOES"
18301,MISC  FRESH  VEGETABLES,183,MISC FRESH VEGTABLES,oz,155208.0,ALL VEGETABLES
18301,MISC  FRESH  VEGETABLES,183,MISC FRESH VEGTABLES,oz,172183.0,OTHER FRESH VEGETABLES
18301,MISC  FRESH  VEGETABLES,183,MISC FRESH VEGTABLES,oz,172208.0,"FRESH&PROCESS VEG,NOT GREENS&POTATOES"
18401,TOMATOES  CANNED  &  BOTTLED,184,TOMATOES CANNED AND BOTTLED,oz,155208.0,ALL VEGETABLES
18401,TOMATOES  CANNED  &  BOTTLED,184,TOMATOES CANNED AND BOTTLED,oz,172208.0,"FRESH&PROCESS VEG,NOT GREENS&POTATOES"
18401,TOMATOES  CANNED  &  BOTTLED,184,TOMATOES CANNED AND BOTTLED,oz,184192.0,OTHER VEGETABLES
18401,TOMATOES  CANNED  &  BOTTLED,184,TOMATOES CANNED AND BOTTLED,oz,184202.0,"PROCESSED VEGETABLES, NOT FROZEN"
18401,TOMATOES  CANNED  &  BOTTLED,184,TOMATOES CANNED AND BOTTLED,oz,184208.0,ALL PROCESSED VEGETABLES
18501,PEAS  CANNED,185,PEAS CANNED,oz,155208.0,ALL VEGETABLES
18501,PEAS  CANNED,185,PEAS CANNED,oz,172208.0,"FRESH&PROCESS VEG,NOT GREENS&POTATOES"
18501,PEAS  CANNED,185,PEAS CANNED,oz,184192.0,OTHER VEGETABLES
18501,PEAS  CANNED,185,PEAS CANNED,oz,184202.0,"PROCESSED VEGETABLES, NOT FROZEN"
18501,PEAS  CANNED,185,PEAS CANNED,oz,184208.0,ALL PROCESSED VEGETABLES
18801,BEANS  CANNED,188,BEANS CANNED,oz,155208.0,ALL VEGETABLES
18801,BEANS  CANNED,188,BEANS CANNED,oz,172208.0,"FRESH&PROCESS VEG,NOT GREENS&POTATOES"
18801,BEANS  CANNED,188,BEANS CANNED,oz,184192.0,OTHER VEGETABLES
18801,BEANS  CANNED,188,BEANS CANNED,oz,184202.0,"PROCESSED VEGETABLES, NOT FROZEN"
18801,BEANS  CANNED,188,BEANS CANNED,oz,184208.0,ALL PROCESSED VEGETABLES
18802,BAKED BEANS IN SAUCE,188,BEANS CANNED,oz,155208.0,ALL VEGETABLES
18802,BAKED BEANS IN SAUCE,188,BEANS CANNED,oz,172208.0,"FRESH&PROCESS VEG,NOT GREENS&POTATOES"
18802,BAKED BEANS IN SAUCE,188,BEANS CANNED,oz,184192.0,OTHER VEGETABLES
18802,BAKED BEANS IN SAUCE,188,BEANS CANNED,oz,184202.0,"PROCESSED VEGETABLES, NOT FROZEN"
18802,BAKED BEANS IN SAUCE,188,BEANS CANNED,oz,184208.0,ALL PROCESSED VEGETABLES
18803,OTHER CANNED BEANS AND PULSES,188,BEANS CANNED,oz,155208.0,ALL VEGETABLES
18803,OTHER CANNED BEANS AND PULSES,188,BEANS CANNED,oz,172208.0,"FRESH&PROCESS VEG,NOT GREENS&POTATOES"
18803,OTHER CANNED BEANS AND PULSES,188,BEANS CANNED,oz,184192.0,OTHER VEGETABLES
18803,OTHER CANNED BEANS AND PULSES,188,BEANS CANNED,oz,184202.0,"PROCESSED VEGETABLES, NOT FROZEN"
18803,OTHER CANNED BEANS AND PULSES,188,BEANS CANNED,oz,184208.0,ALL PROCESSED VEGETABLES
19101,OTHER CANNED VEG (NOT POTS TOMS PULSES),191,OTHER CANNED VEG (NOT POTS TOMS PULSES),oz,155208.0,ALL VEGETABLES
19101,OTHER CANNED VEG (NOT POTS TOMS PULSES),191,OTHER CANNED VEG (NOT POTS TOMS PULSES),oz,172208.0,"FRESH&PROCESS VEG,NOT GREENS&POTATOES"
19101,OTHER CANNED VEG (NOT POTS TOMS PULSES),191,OTHER CANNED VEG (NOT POTS TOMS PULSES),oz,184192.0,OTHER VEGETABLES
19101,OTHER CANNED VEG (NOT POTS TOMS PULSES),191,OTHER CANNED VEG (NOT POTS TOMS PULSES),oz,184202.0,"PROCESSED VEGETABLES, NOT FROZEN"
19101,OTHER CANNED VEG (NOT POTS TOMS PULSES),191,OTHER CANNED VEG (NOT POTS TOMS PULSES),oz,184208.0,ALL PROCESSED VEGETABLES
19201,DRIED  PULSES  OTHER  THAN  AIR-DRIED,192,DRIED PULSES OTHER THAN AIR-DRIED,oz,155208.0,ALL VEGETABLES
19201,DRIED  PULSES  OTHER  THAN  AIR-DRIED,192,DRIED PULSES OTHER THAN AIR-DRIED,oz,172208.0,"FRESH&PROCESS VEG,NOT GREENS&POTATOES"
19201,DRIED  PULSES  OTHER  THAN  AIR-DRIED,192,DRIED PULSES OTHER THAN AIR-DRIED,oz,184192.0,OTHER VEGETABLES
19201,DRIED  PULSES  OTHER  THAN  AIR-DRIED,192,DRIED PULSES OTHER THAN AIR-DRIED,oz,184202.0,"PROCESSED VEGETABLES, NOT FROZEN"
19201,DRIED  PULSES  OTHER  THAN  AIR-DRIED,192,DRIED PULSES OTHER THAN AIR-DRIED,oz,184208.0,ALL PROCESSED VEGETABLES
19501,AIR-DRIED  VEGETABLES,195,AIR-DRIED VEGETABLES,oz,155208.0,ALL VEGETABLES
19501,AIR-DRIED  VEGETABLES,195,AIR-DRIED VEGETABLES,oz,172208.0,"FRESH&PROCESS VEG,NOT GREENS&POTATOES"
19501,AIR-DRIED  VEGETABLES,195,AIR-DRIED VEGETABLES,oz,184202.0,"PROCESSED VEGETABLES, NOT FROZEN"
19501,AIR-DRIED  VEGETABLES,195,AIR-DRIED VEGETABLES,oz,184208.0,ALL PROCESSED VEGETABLES
19601,VEGETABLE  JUICES,196,VEGETABLE JUICES,floz,155208.0,ALL VEGETABLES
19601,VEGETABLE  JUICES,196,VEGETABLE JUICES,floz,172208.0,"FRESH&PROCESS VEG,NOT GREENS&POTATOES"
19601,VEGETABLE  JUICES,196,VEGETABLE JUICES,floz,184202.0,"PROCESSED VEGETABLES, NOT FROZEN"
19601,VEGETABLE  JUICES,196,VEGETABLE JUICES,floz,184208.0,ALL PROCESSED VEGETABLES
19701,CHIPS EXCL FROZEN,197,CHIPS EXCL FROZEN,oz,155208.0,ALL VEGETABLES
19701,CHIPS EXCL FROZEN,197,CHIPS EXCL FROZEN,oz,172208.0,"FRESH&PROCESS VEG,NOT GREENS&POTATOES"
19701,CHIPS EXCL FROZEN,197,CHIPS EXCL FROZEN,oz,184202.0,"PROCESSED VEGETABLES, NOT FROZEN"
19701,CHIPS EXCL FROZEN,197,CHIPS EXCL FROZEN,oz,184208.0,ALL PROCESSED VEGETABLES
19801,INSTANT  POTATO,198,INSTANT POTATO,oz,155208.0,ALL VEGETABLES
19801,INSTANT  POTATO,198,INSTANT POTATO,oz,172208.0,"FRESH&PROCESS VEG,NOT GREENS&POTATOES"
19801,INSTANT  POTATO,198,INSTANT POTATO,oz,184202.0,"PROCESSED VEGETABLES, NOT FROZEN"
19801,INSTANT  POTATO,198,INSTANT POTATO,oz,184208.0,ALL PROCESSED VEGETABLES
19901,CANNED  POTATO,199,CANNED POTATO,oz,155208.0,ALL VEGETABLES
19901,CANNED  POTATO,199,CANNED POTATO,oz,172208.0,"FRESH&PROCESS VEG,NOT GREENS&POTATOES"
19901,CANNED  POTATO,199,CANNED POTATO,oz,184202.0,"PROCESSED VEGETABLES, NOT FROZEN"
19901,CANNED  POTATO,199,CANNED POTATO,oz,184208.0,ALL PROCESSED VEGETABLES
20001,CRISPS & OTHER POTATO PRODS NOT FROZEN,200,CRISPS & OTHER POTATO PRODS NOT FROZEN,oz,155208.0,ALL VEGETABLES
20001,CRISPS & OTHER POTATO PRODS NOT FROZEN,200,CRISPS & OTHER POTATO PRODS NOT FROZEN,oz,172208.0,"FRESH&PROCESS VEG,NOT GREENS&POTATOES"
20001,CRISPS & OTHER POTATO PRODS NOT FROZEN,200,CRISPS & OTHER POTATO PRODS NOT FROZEN,oz,184202.0,"PROCESSED VEGETABLES, NOT FROZEN"
20001,CRISPS & OTHER POTATO PRODS NOT FROZEN,200,CRISPS & OTHER POTATO PRODS NOT FROZEN,oz,184208.0,ALL PROCESSED VEGETABLES
20002,CRISPS AND POTATO SNACKS,200,CRISPS & OTHER POTATO PRODS NOT FROZEN,oz,155208.0,ALL VEGETABLES
20002,CRISPS AND POTATO SNACKS,200,CRISPS & OTHER POTATO PRODS NOT FROZEN,oz,172208.0,"FRESH&PROCESS VEG,NOT GREENS&POTATOES"
20002,CRISPS AND POTATO SNACKS,200,CRISPS & OTHER POTATO PRODS NOT FROZEN,oz,184202.0,"PROCESSED VEGETABLES, NOT FROZEN"
20002,CRISPS AND POTATO SNACKS,200,CRISPS & OTHER POTATO PRODS NOT FROZEN,oz,184208.0,ALL PROCESSED VEGETABLES
20003,OTHER POTATO PRODUCTS (NOT FROZEN),200,CRISPS & OTHER POTATO PRODS NOT FROZEN,oz,155208.0,ALL VEGETABLES
20003,OTHER POTATO PRODUCTS (NOT FROZEN),200,CRISPS & OTHER POTATO PRODS NOT FROZEN,oz,172208.0,"FRESH&PROCESS VEG,NOT GREENS&POTATOES"
20003,OTHER POTATO PRODUCTS (NOT FROZEN),200,CRISPS & OTHER POTATO PRODS NOT FROZEN,oz,184202.0,"PROCESSED VEGETABLES, NOT FROZEN"
20003,OTHER POTATO PRODUCTS (NOT FROZEN),200,CRISPS & OTHER POTATO PRODS NOT FROZEN,oz,184208.0,ALL PROCESSED VEGETABLES
20201,OTHER  VEG  PRODUCTS,202,OTHER VEGETABLE PRODUCTS,oz,155208.0,ALL VEGETABLES
20201,OTHER  VEG  PRODUCTS,202,OTHER VEGETABLE PRODUCTS,oz,172208.0,"FRESH&PROCESS VEG,NOT GREENS&POTATOES"
20201,OTHER  VEG  PRODUCTS,202,OTHER VEGETABLE PRODUCTS,oz,184202.0,"PROCESSED VEGETABLES, NOT FROZEN"
20201,OTHER  VEG  PRODUCTS,202,OTHER VEGETABLE PRODUCTS,oz,184208.0,ALL PROCESSED VEGETABLES
20202,OTHER VEGETABLE PRODUCTS,202,OTHER VEGETABLE PRODUCTS,oz,155208.0,ALL VEGETABLES
20202,OTHER VEGETABLE PRODUCTS,202,OTHER VEGETABLE PRODUCTS,oz,172208.0,"FRESH&PROCESS VEG,NOT GREENS&POTATOES"
20202,OTHER VEGETABLE PRODUCTS,202,OTHER VEGETABLE PRODUCTS,oz,184202.0,"PROCESSED VEGETABLES, NOT FROZEN"
20202,OTHER VEGETABLE PRODUCTS,202,OTHER VEGETABLE PRODUCTS,oz,184208.0,ALL PROCESSED VEGETABLES
20203,OTHER VEGETABLE PRODUCTS TAKEAWAY,202,OTHER VEGETABLE PRODUCTS,oz,155208.0,ALL VEGETABLES
20203,OTHER VEGETABLE PRODUCTS TAKEAWAY,202,OTHER VEGETABLE PRODUCTS,oz,172208.0,"FRESH&PROCESS VEG,NOT GREENS&POTATOES"
20203,OTHER VEGETABLE PRODUCTS TAKEAWAY,202,OTHER VEGETABLE PRODUCTS,oz,184202.0,"PROCESSED VEGETABLES, NOT FROZEN"
20203,OTHER VEGETABLE PRODUCTS TAKEAWAY,202,OTHER VEGETABLE PRODUCTS,oz,184208.0,ALL PROCESSED VEGETABLES
20301,FROZEN PEAS,203,FROZEN PEAS,oz,155208.0,ALL VEGETABLES
20301,FROZEN PEAS,203,FROZEN PEAS,oz,172208.0,"FRESH&PROCESS VEG,NOT GREENS&POTATOES"
20301,FROZEN PEAS,203,FROZEN PEAS,oz,184208.0,ALL PROCESSED VEGETABLES
20301,FROZEN PEAS,203,FROZEN PEAS,oz,203208.0,FROZEN VEGETABLES
20401,FROZEN BEANS,204,FROZEN BEANS,oz,155208.0,ALL VEGETABLES
20401,FROZEN BEANS,204,FROZEN BEANS,oz,172208.0,"FRESH&PROCESS VEG,NOT GREENS&POTATOES"
20401,FROZEN BEANS,204,FROZEN BEANS,oz,184208.0,ALL PROCESSED VEGETABLES
20401,FROZEN BEANS,204,FROZEN BEANS,oz,203208.0,FROZEN VEGETABLES
20501,FROZEN CHIPS/OTHER POTATO PRODS,205,FROZEN CHIPS & OTHER FROZEN POTATO PRODS,oz,155208.0,ALL VEGETABLES
20501,FROZEN CHIPS/OTHER POTATO PRODS,205,FROZEN CHIPS & OTHER FROZEN POTATO PRODS,oz,172208.0,"FRESH&PROCESS VEG,NOT GREENS&POTATOES"
20501,FROZEN CHIPS/OTHER POTATO PRODS,205,FROZEN CHIPS & OTHER FROZEN POTATO PRODS,oz,184208.0,ALL PROCESSED VEGETABLES
20501,FROZEN CHIPS/OTHER POTATO PRODS,205,FROZEN CHIPS & OTHER FROZEN POTATO PRODS,oz,203208.0,FROZEN VEGETABLES
20801,ALL FROZEN VEG/VEG PRODS NOT SPEC ABOVE,208,ALL FROZEN VEG/VEG PRODS NSE,oz,155208.0,ALL VEGETABLES
20801,ALL FROZEN VEG/VEG PRODS NOT SPEC ABOVE,208,ALL FROZEN VEG/VEG PRODS NSE,oz,172208.0,"FRESH&PROCESS VEG,NOT GREENS&POTATOES"
20801,ALL FROZEN VEG/VEG PRODS NOT SPEC ABOVE,208,ALL FROZEN VEG/VEG PRODS NSE,oz,184208.0,ALL PROCESSED VEGETABLES
20801,ALL FROZEN VEG/VEG PRODS NOT SPEC ABOVE,208,ALL FROZEN VEG/VEG PRODS NSE,oz,203208.0,FROZEN VEGETABLES
21001,ORANGES  FRESH,210,ORANGES FRESH,oz,210214.0,CITRUS FRUIT
21001,ORANGES  FRESH,210,ORANGES FRESH,oz,210231.0,FRESH FRUIT
21001,ORANGES  FRESH,210,ORANGES FRESH,oz,210248.0,ALL FRUIT
21401,OTHER CITRUS FRUIT FRESH,214,OTHER CITRUS FRUIT FRESH,oz,210214.0,CITRUS FRUIT
21401,OTHER CITRUS FRUIT FRESH,214,OTHER CITRUS FRUIT FRESH,oz,210231.0,FRESH FRUIT
21401,OTHER CITRUS FRUIT FRESH,214,OTHER CITRUS FRUIT FRESH,oz,210248.0,ALL FRUIT
21701,APPLES  FRESH,217,APPLES FRESH,oz,210231.0,FRESH FRUIT
21701,APPLES  FRESH,217,APPLES FRESH,oz,210248.0,ALL FRUIT
21701,APPLES  FRESH,217,APPLES FRESH,oz,217218.0,APPLES AND PEARS
21801,PEARS  FRESH,218,PEARS FRESH,oz,210231.0,FRESH FRUIT
21801,PEARS  FRESH,218,PEARS FRESH,oz,210248.0,ALL FRUIT
21801,PEARS  FRESH,218,PEARS FRESH,oz,217218.0,APPLES AND PEARS
21801,PEARS  FRESH,218,PEARS FRESH,oz,218231.0,"FRESH FRUIT, NOT APPLES & CITRUS"
22101,STONE  FRUIT  FRESH,221,STONE FRUIT FRESH,oz,210231.0,FRESH FRUIT
22101,STONE  FRUIT  FRESH,221,STONE FRUIT FRESH,oz,210248.0,ALL FRUIT
22101,STONE  FRUIT  FRESH,221,STONE FRUIT FRESH,oz,218231.0,"FRESH FRUIT, NOT APPLES & CITRUS"
22201,GRAPES  FRESH,222,GRAPES FRESH,oz,210231.0,FRESH FRUIT
22201,GRAPES  FRESH,222,GRAPES FRESH,oz,210248.0,ALL FRUIT
22201,GRAPES  FRESH,222,GRAPES FRESH,oz,218231.0,"FRESH FRUIT, NOT APPLES & CITRUS"
22201,GRAPES  FRESH,222,GRAPES FRESH,oz,222227.0,SOFT FRUIT
22701,SOFT FRUIT FRESH OTHER THAN GRAPES,227,"SOFT FRUIT FRESH, OTHER THAN GRAPES",oz,210231.0,FRESH FRUIT
22701,SOFT FRUIT FRESH OTHER THAN GRAPES,227,"SOFT FRUIT FRESH, OTHER THAN GRAPES",oz,210248.0,ALL FRUIT
22701,SOFT FRUIT FRESH OTHER THAN GRAPES,227,"SOFT FRUIT FRESH, OTHER THAN GRAPES",oz,218231.0,"FRESH FRUIT, NOT APPLES & CITRUS"
22701,SOFT FRUIT FRESH OTHER THAN GRAPES,227,"SOFT FRUIT FRESH, OTHER THAN GRAPES",oz,222227.0,SOFT FRUIT
22801,BANANAS  FRESH,228,BANANAS FRESH,oz,210231.0,FRESH FRUIT
22801,BANANAS  FRESH,228,BANANAS FRESH,oz,210248.0,ALL FRUIT
22801,BANANAS  FRESH,228,BANANAS FRESH,oz,218231.0,"FRESH FRUIT, NOT APPLES & CITRUS"
22901,RHUBARB  FRESH,229,RHUBARB FRESH,oz,210231.0,FRESH FRUIT
22901,RHUBARB  FRESH,229,RHUBARB FRESH,oz,210248.0,ALL FRUIT
22901,RHUBARB  FRESH,229,RHUBARB FRESH,oz,218231.0,"FRESH FRUIT, NOT APPLES & CITRUS"
23101,OTHER  FRESH  FRUIT,231,OTHER FRESH FRUIT,oz,210231.0,FRESH FRUIT
23101,OTHER  FRESH  FRUIT,231,OTHER FRESH FRUIT,oz,210248.0,ALL FRUIT
23101,OTHER  FRESH  FRUIT,231,OTHER FRESH FRUIT,oz,218231.0,"FRESH FRUIT, NOT APPLES & CITRUS"
23301,CANNED PEACHES PEARS & PINEAPPLES,233,CANNED PEACHES PEARS AND PINEAPPLES,oz,210248.0,ALL FRUIT
23301,CANNED PEACHES PEARS & PINEAPPLES,233,CANNED PEACHES PEARS AND PINEAPPLES,oz,233236.0,CANNED FRUIT
23301,CANNED PEACHES PEARS & PINEAPPLES,233,CANNED PEACHES PEARS AND PINEAPPLES,oz,233245.0,"OTHER FRUIT & PRODUCTS, EXC FRUIT JUICES"
23301,CANNED PEACHES PEARS & PINEAPPLES,233,CANNED PEACHES PEARS AND PINEAPPLES,oz,233248.0,FRUIT & FRUIT PRODS. NOT FRESH
23601,OTHER  CANNED  OR  BOTTLED  FRUIT,236,OTHER CANNED OR BOTTLED FRUIT,oz,210248.0,ALL FRUIT
23601,OTHER  CANNED  OR  BOTTLED  FRUIT,236,OTHER CANNED OR BOTTLED FRUIT,oz,233236.0,CANNED FRUIT
23601,OTHER  CANNED  OR  BOTTLED  FRUIT,236,OTHER CANNED OR BOTTLED FRUIT,oz,233245.0,"OTHER FRUIT & PRODUCTS, EXC FRUIT JUICES"
23601,OTHER  CANNED  OR  BOTTLED  FRUIT,236,OTHER CANNED OR BOTTLED FRUIT,oz,233248.0,FRUIT & FRUIT PRODS. NOT FRESH
24001,DRIED  FRUIT  &  DRIED  FRUIT  PRODS,240,DRIED FRUIT AND DRIED FRUIT PRODS,oz,210248.0,ALL FRUIT
24001,DRIED  FRUIT  &  DRIED  FRUIT  PRODS,240,DRIED FRUIT AND DRIED FRUIT PRODS,oz,233245.0,"OTHER FRUIT & PRODUCTS, EXC FRUIT JUICES"
24001,DRIED  FRUIT  &  DRIED  FRUIT  PRODS,240,DRIED FRUIT AND DRIED FRUIT PRODS,oz,233248.0,FRUIT & FRUIT PRODS. NOT FRESH
24001,DRIED  FRUIT  &  DRIED  FRUIT  PRODS,240,DRIED FRUIT AND DRIED FRUIT PRODS,oz,240245.0,OTHER FRUIT PRODUCTS AND NUTS
24101,FROZEN FRUIT/FRUIT PRODS,241,FROZEN FRUIT/FRUIT PRODS,oz,210248.0,ALL FRUIT
24101,FROZEN FRUIT/FRUIT PRODS,241,FROZEN FRUIT/FRUIT PRODS,oz,233245.0,"OTHER FRUIT & PRODUCTS, EXC FRUIT JUICES"
24101,FROZEN FRUIT/FRUIT PRODS,241,FROZEN FRUIT/FRUIT PRODS,oz,233248.0,FRUIT & FRUIT PRODS. NOT FRESH
24101,FROZEN FRUIT/FRUIT PRODS,241,FROZEN FRUIT/FRUIT PRODS,oz,240245.0,OTHER FRUIT PRODUCTS AND NUTS
24501,NUTS  &  NUT  PRODUCTS,245,NUTS AND NUT PRODUCTS,oz,210248.0,ALL FRUIT
24501,NUTS  &  NUT  PRODUCTS,245,NUTS AND NUT PRODUCTS,oz,233245.0,"OTHER FRUIT & PRODUCTS, EXC FRUIT JUICES"
24501,NUTS  &  NUT  PRODUCTS,245,NUTS AND NUT PRODUCTS,oz,233248.0,FRUIT & FRUIT PRODS. NOT FRESH
24501,NUTS  &  NUT  PRODUCTS,245,NUTS AND NUT PRODUCTS,oz,240245.0,OTHER FRUIT PRODUCTS AND NUTS
24801,FRUIT  JUICES,248,FRUIT JUICES,floz,210248.0,ALL FRUIT
24801,FRUIT  JUICES,248,FRUIT JUICES,floz,233248.0,FRUIT & FRUIT PRODS. NOT FRESH
25101,BREAD  WHITE  LARGE  UNSLICED,251,BREAD WHITE UNSLICED (LARGE ONLY PRE-92),oz,251252.0,"WHITE BREAD,LARGE STANDARD LOAVES,PRE 92"
25101,BREAD  WHITE  LARGE  UNSLICED,251,BREAD WHITE UNSLICED (LARGE ONLY PRE-92),oz,251254.0,WHITE BREAD STANDARD LOAVES
25101,BREAD  WHITE  LARGE  UNSLICED,251,BREAD WHITE UNSLICED (LARGE ONLY PRE-92),oz,251263.0,ALL BREAD
25101,BREAD  WHITE  LARGE  UNSLICED,251,BREAD WHITE UNSLICED (LARGE ONLY PRE-92),oz,251301.0,ALL CEREALS
25102,BREAD WHITE UNSLICED STANDARD,251,BREAD WHITE UNSLICED (LARGE ONLY PRE-92),oz,251252.0,"WHITE BREAD,LARGE STANDARD LOAVES,PRE 92"
25102,BREAD WHITE UNSLICED STANDARD,251,BREAD WHITE UNSLICED (LARGE ONLY PRE-92),oz,251254.0,WHITE BREAD STANDARD LOAVES
25102,BREAD WHITE UNSLICED STANDARD,251,BREAD WHITE UNSLICED (LARGE ONLY PRE-92),oz,251263.0,ALL BREAD
25102,BREAD WHITE UNSLICED STANDARD,251,BREAD WHITE UNSLICED (LARGE ONLY PRE-92),oz,251301.0,ALL CEREALS
25201,BREAD  WHITE  LARGE  SLICED,252,BREAD WHITE SLICED (LARGE ONLY PRE-92),oz,251252.0,"WHITE BREAD,LARGE STANDARD LOAVES,PRE 92"
25201,BREAD  WHITE  LARGE  SLICED,252,BREAD WHITE SLICED (LARGE ONLY PRE-92),oz,251254.0,WHITE BREAD STANDARD LOAVES
25201,BREAD  WHITE  LARGE  SLICED,252,BREAD WHITE SLICED (LARGE ONLY PRE-92),oz,251263.0,ALL BREAD
25201,BREAD  WHITE  LARGE  SLICED,252,BREAD WHITE SLICED (LARGE ONLY PRE-92),oz,251301.0,ALL CEREALS
25202,BREAD WHITE SLICED STANDARD,252,BREAD WHITE SLICED (LARGE ONLY PRE-92),oz,251252.0,"WHITE BREAD,LARGE STANDARD LOAVES,PRE 92"
25202,BREAD WHITE SLICED STANDARD,252,BREAD WHITE SLICED (LARGE ONLY PRE-92),oz,251254.0,WHITE BREAD STANDARD LOAVES
25202,BREAD WHITE SLICED STANDARD,252,BREAD WHITE SLICED (LARGE ONLY PRE-92),oz,251263.0,ALL BREAD
25202,BREAD WHITE SLICED STANDARD,252,BREAD WHITE SLICED (LARGE ONLY PRE-92),oz,251301.0,ALL CEREALS
25301,BREAD  WHITE  SMALL  UNSLICED,253,BREAD WHITE SMALL UNSLICED (PRE-1992),oz,251254.0,WHITE BREAD STANDARD LOAVES
25301,BREAD  WHITE  SMALL  UNSLICED,253,BREAD WHITE SMALL UNSLICED (PRE-1992),oz,251263.0,ALL BREAD
25301,BREAD  WHITE  SMALL  UNSLICED,253,BREAD WHITE SMALL UNSLICED (PRE-1992),oz,251301.0,ALL CEREALS
25401,BREAD  WHITE  SMALL  SLICED,254,BREAD WHITE SMALL SLICED (PRE-1992),oz,251254.0,WHITE BREAD STANDARD LOAVES
25401,BREAD  WHITE  SMALL  SLICED,254,BREAD WHITE SMALL SLICED (PRE-1992),oz,251263.0,ALL BREAD
25401,BREAD  WHITE  SMALL  SLICED,254,BREAD WHITE SMALL SLICED (PRE-1992),oz,251301.0,ALL CEREALS
25501,BREAD  BROWN,255,BREAD BROWN  (PRE-1992),oz,251263.0,ALL BREAD
25501,BREAD  BROWN,255,BREAD BROWN  (PRE-1992),oz,251301.0,ALL CEREALS
25501,BREAD  BROWN,255,BREAD BROWN  (PRE-1992),oz,255256.0,"BROWN WHEATMEAL & WHOLEMEAL BREAD,PRE 92"
25501,BREAD  BROWN,255,BREAD BROWN  (PRE-1992),oz,255263.0,BREAD OTHER THAN WHITE STANDARD LOAVES
25601,BREAD  WHOLEWHEAT  &  WHOLEMEAL,256,BREAD WHOLEWHEAT & WHOLEMEAL (PRE-1992),oz,251263.0,ALL BREAD
25601,BREAD  WHOLEWHEAT  &  WHOLEMEAL,256,BREAD WHOLEWHEAT & WHOLEMEAL (PRE-1992),oz,251301.0,ALL CEREALS
25601,BREAD  WHOLEWHEAT  &  WHOLEMEAL,256,BREAD WHOLEWHEAT & WHOLEMEAL (PRE-1992),oz,255256.0,"BROWN WHEATMEAL & WHOLEMEAL BREAD,PRE 92"
25601,BREAD  WHOLEWHEAT  &  WHOLEMEAL,256,BREAD WHOLEWHEAT & WHOLEMEAL (PRE-1992),oz,255263.0,BREAD OTHER THAN WHITE STANDARD LOAVES
25701,BREAD WHITE SLICED PREMIUM,257,BREAD WHITE SLICED PREMIUM,oz,251263.0,ALL BREAD
25701,BREAD WHITE SLICED PREMIUM,257,BREAD WHITE SLICED PREMIUM,oz,251301.0,ALL CEREALS
25701,BREAD WHITE SLICED PREMIUM,257,BREAD WHITE SLICED PREMIUM,oz,255263.0,BREAD OTHER THAN WHITE STANDARD LOAVES
25701,BREAD WHITE SLICED PREMIUM,257,BREAD WHITE SLICED PREMIUM,oz,257258.0,"PREMIUM AND SOFTGRAIN BREAD, SLICED"
25801,BREAD WHITE SLICED SOFT GRAIN,258,BREAD WHITE SLICED SOFTGRAIN,oz,251263.0,ALL BREAD
25801,BREAD WHITE SLICED SOFT GRAIN,258,BREAD WHITE SLICED SOFTGRAIN,oz,251301.0,ALL CEREALS
25801,BREAD WHITE SLICED SOFT GRAIN,258,BREAD WHITE SLICED SOFTGRAIN,oz,255263.0,BREAD OTHER THAN WHITE STANDARD LOAVES
25801,BREAD WHITE SLICED SOFT GRAIN,258,BREAD WHITE SLICED SOFTGRAIN,oz,257258.0,"PREMIUM AND SOFTGRAIN BREAD, SLICED"
25901,BREAD BROWN SLICED,259,BREAD BROWN SLICED,oz,251263.0,ALL BREAD
25901,BREAD BROWN SLICED,259,BREAD BROWN SLICED,oz,251301.0,ALL CEREALS
25901,BREAD BROWN SLICED,259,BREAD BROWN SLICED,oz,255263.0,BREAD OTHER THAN WHITE STANDARD LOAVES
25901,BREAD BROWN SLICED,259,BREAD BROWN SLICED,oz,259260.0,"BROWN AND WHOLEMEAL BREAD, SLICED"
25901,BREAD BROWN SLICED,259,BREAD BROWN SLICED,oz,259262.0,BROWN AND WHOLEMEAL BREAD
26001,BREAD WHOLEMEAL SLICED,260,BREAD WHOLEMEAL SLICED,oz,251263.0,ALL BREAD
26001,BREAD WHOLEMEAL SLICED,260,BREAD WHOLEMEAL SLICED,oz,251301.0,ALL CEREALS
26001,BREAD WHOLEMEAL SLICED,260,BREAD WHOLEMEAL SLICED,oz,255263.0,BREAD OTHER THAN WHITE STANDARD LOAVES
26001,BREAD WHOLEMEAL SLICED,260,BREAD WHOLEMEAL SLICED,oz,259260.0,"BROWN AND WHOLEMEAL BREAD, SLICED"
26001,BREAD WHOLEMEAL SLICED,260,BREAD WHOLEMEAL SLICED,oz,259262.0,BROWN AND WHOLEMEAL BREAD
26101,BREAD BROWN UNSLICED,261,BREAD BROWN UNSLICED,oz,251263.0,ALL BREAD
26101,BREAD BROWN UNSLICED,261,BREAD BROWN UNSLICED,oz,251301.0,ALL CEREALS
26101,BREAD BROWN UNSLICED,261,BREAD BROWN UNSLICED,oz,255263.0,BREAD OTHER THAN WHITE STANDARD LOAVES
26101,BREAD BROWN UNSLICED,261,BREAD BROWN UNSLICED,oz,259262.0,BROWN AND WHOLEMEAL BREAD
26101,BREAD BROWN UNSLICED,261,BREAD BROWN UNSLICED,oz,261262.0,"BROWN AND WHOLEMEAL BREAD, UNSLICED"
26201,BREAD WHOLEMEAL UNSLICED,262,BREAD WHOLEMEAL UNSLICED,oz,251263.0,ALL BREAD
26201,BREAD WHOLEMEAL UNSLICED,262,BREAD WHOLEMEAL UNSLICED,oz,251301.0,ALL CEREALS
26201,BREAD WHOLEMEAL UNSLICED,262,BREAD WHOLEMEAL UNSLICED,oz,255263.0,BREAD OTHER THAN WHITE STANDARD LOAVES
26201,BREAD WHOLEMEAL UNSLICED,262,BREAD WHOLEMEAL UNSLICED,oz,259262.0,BROWN AND WHOLEMEAL BREAD
26201,BREAD WHOLEMEAL UNSLICED,262,BREAD WHOLEMEAL UNSLICED,oz,261262.0,"BROWN AND WHOLEMEAL BREAD, UNSLICED"
26301,BREAD  OTHER,263,TOTAL OTHER BREAD,oz,251263.0,ALL BREAD
26301,BREAD  OTHER,263,TOTAL OTHER BREAD,oz,251301.0,ALL CEREALS
26301,BREAD  OTHER,263,TOTAL OTHER BREAD,oz,255263.0,BREAD OTHER THAN WHITE STANDARD LOAVES
26302,ROLLS  (EXCL STARCH-REDUCED),263,TOTAL OTHER BREAD,oz,251263.0,ALL BREAD
26302,ROLLS  (EXCL STARCH-REDUCED),263,TOTAL OTHER BREAD,oz,251301.0,ALL CEREALS
26302,ROLLS  (EXCL STARCH-REDUCED),263,TOTAL OTHER BREAD,oz,255263.0,BREAD OTHER THAN WHITE STANDARD LOAVES
26303,MALT BREAD AND FRUIT BREAD,263,TOTAL OTHER BREAD,oz,251263.0,ALL BREAD
26303,MALT BREAD AND FRUIT BREAD,263,TOTAL OTHER BREAD,oz,251301.0,ALL CEREALS
26303,MALT BREAD AND FRUIT BREAD,263,TOTAL OTHER BREAD,oz,255263.0,BREAD OTHER THAN WHITE STANDARD LOAVES
26304,VIENNA BREAD AND FRENCH BREAD,263,TOTAL OTHER BREAD,oz,251263.0,ALL BREAD
26304,VIENNA BREAD AND FRENCH BREAD,263,TOTAL OTHER BREAD,oz,251301.0,ALL CEREALS
26304,VIENNA BREAD AND FRENCH BREAD,263,TOTAL OTHER BREAD,oz,255263.0,BREAD OTHER THAN WHITE STANDARD LOAVES
26305,STARCH REDUCED BREAD AND ROLLS,263,TOTAL OTHER BREAD,oz,251263.0,ALL BREAD
26305,STARCH REDUCED BREAD AND ROLLS,263,TOTAL OTHER BREAD,oz,251301.0,ALL CEREALS
26305,STARCH REDUCED BREAD AND ROLLS,263,TOTAL OTHER BREAD,oz,255263.0,BREAD OTHER THAN WHITE STANDARD LOAVES
26306,OTHER BREAD,263,TOTAL OTHER BREAD,oz,251263.0,ALL BREAD
26306,OTHER BREAD,263,TOTAL OTHER BREAD,oz,251301.0,ALL CEREALS
26306,OTHER BREAD,263,TOTAL OTHER BREAD,oz,255263.0,BREAD OTHER THAN WHITE STANDARD LOAVES
26307,SANDWICHES,263,TOTAL OTHER BREAD,oz,251263.0,ALL BREAD
26307,SANDWICHES,263,TOTAL OTHER BREAD,oz,251301.0,ALL CEREALS
26307,SANDWICHES,263,TOTAL OTHER BREAD,oz,255263.0,BREAD OTHER THAN WHITE STANDARD LOAVES
26308,OTHER BREAD,263,TOTAL OTHER BREAD,oz,251263.0,ALL BREAD
26308,OTHER BREAD,263,TOTAL OTHER BREAD,oz,251301.0,ALL CEREALS
26308,OTHER BREAD,263,TOTAL OTHER BREAD,oz,255263.0,BREAD OTHER THAN WHITE STANDARD LOAVES
26401,FLOUR,264,FLOUR,oz,251301.0,ALL CEREALS
26401,FLOUR,264,FLOUR,oz,264264.0,FLOUR
26401,FLOUR,264,FLOUR,oz,264301.0,CEREALS OTHER THAN BREAD
26701,BUNS  SCONES  &  TEACAKES,267,BUNS SCONES AND TEACAKES,oz,251301.0,ALL CEREALS
26701,BUNS  SCONES  &  TEACAKES,267,BUNS SCONES AND TEACAKES,oz,264301.0,CEREALS OTHER THAN BREAD
26701,BUNS  SCONES  &  TEACAKES,267,BUNS SCONES AND TEACAKES,oz,267270.0,"CAKES, BUNS AND PASTRIES"
26701,BUNS  SCONES  &  TEACAKES,267,BUNS SCONES AND TEACAKES,oz,267277.0,"BISCUITS, CAKES, BUNS, CRISPBREADS"
27001,CAKES  &  PASTRIES,270,CAKES AND PASTRIES,oz,251301.0,ALL CEREALS
27001,CAKES  &  PASTRIES,270,CAKES AND PASTRIES,oz,264301.0,CEREALS OTHER THAN BREAD
27001,CAKES  &  PASTRIES,270,CAKES AND PASTRIES,oz,267270.0,"CAKES, BUNS AND PASTRIES"
27001,CAKES  &  PASTRIES,270,CAKES AND PASTRIES,oz,267277.0,"BISCUITS, CAKES, BUNS, CRISPBREADS"
27101,CRISPBREAD,271,CRISPBREAD,oz,251301.0,ALL CEREALS
27101,CRISPBREAD,271,CRISPBREAD,oz,264301.0,CEREALS OTHER THAN BREAD
27101,CRISPBREAD,271,CRISPBREAD,oz,267277.0,"BISCUITS, CAKES, BUNS, CRISPBREADS"
27101,CRISPBREAD,271,CRISPBREAD,oz,271277.0,BISCUITS AND CRISPBREADS
27401,BISCUITS OTHER THAN CHOCOLATE,274,BISCUITS OTHER THAN CHOCOLATE,oz,251301.0,ALL CEREALS
27401,BISCUITS OTHER THAN CHOCOLATE,274,BISCUITS OTHER THAN CHOCOLATE,oz,264301.0,CEREALS OTHER THAN BREAD
27401,BISCUITS OTHER THAN CHOCOLATE,274,BISCUITS OTHER THAN CHOCOLATE,oz,267277.0,"BISCUITS, CAKES, BUNS, CRISPBREADS"
27401,BISCUITS OTHER THAN CHOCOLATE,274,BISCUITS OTHER THAN CHOCOLATE,oz,271277.0,BISCUITS AND CRISPBREADS
27402,SWEET BISCUITS OTHER THAN CHOCOLATE,274,BISCUITS OTHER THAN CHOCOLATE,oz,251301.0,ALL CEREALS
27402,SWEET BISCUITS OTHER THAN CHOCOLATE,274,BISCUITS OTHER THAN CHOCOLATE,oz,264301.0,CEREALS OTHER THAN BREAD
27402,SWEET BISCUITS OTHER THAN CHOCOLATE,274,BISCUITS OTHER THAN CHOCOLATE,oz,267277.0,"BISCUITS, CAKES, BUNS, CRISPBREADS"
27402,SWEET BISCUITS OTHER THAN CHOCOLATE,274,BISCUITS OTHER THAN CHOCOLATE,oz,271277.0,BISCUITS AND CRISPBREADS
27403,UNSWEETENED BISCUITS,274,BISCUITS OTHER THAN CHOCOLATE,oz,251301.0,ALL CEREALS
27403,UNSWEETENED BISCUITS,274,BISCUITS OTHER THAN CHOCOLATE,oz,264301.0,CEREALS OTHER THAN BREAD
27403,UNSWEETENED BISCUITS,274,BISCUITS OTHER THAN CHOCOLATE,oz,267277.0,"BISCUITS, CAKES, BUNS, CRISPBREADS"
27403,UNSWEETENED BISCUITS,274,BISCUITS OTHER THAN CHOCOLATE,oz,271277.0,BISCUITS AND CRISPBREADS
27701,"BISCUITS, CHOCOLATE",277,BISCUITS CHOCOLATE,oz,251301.0,ALL CEREALS
27701,"BISCUITS, CHOCOLATE",277,BISCUITS CHOCOLATE,oz,264301.0,CEREALS OTHER THAN BREAD
27701,"BISCUITS, CHOCOLATE",277,BISCUITS CHOCOLATE,oz,267277.0,"BISCUITS, CAKES, BUNS, CRISPBREADS"
27701,"BISCUITS, CHOCOLATE",277,BISCUITS CHOCOLATE,oz,271277.0,BISCUITS AND CRISPBREADS
28101,OATMEAL  &  OAT  PRODUCTS,281,OATMEAL AND OAT PRODUCTS,oz,251301.0,ALL CEREALS
28101,OATMEAL  &  OAT  PRODUCTS,281,OATMEAL AND OAT PRODUCTS,oz,264301.0,CEREALS OTHER THAN BREAD
28101,OATMEAL  &  OAT  PRODUCTS,281,OATMEAL AND OAT PRODUCTS,oz,281301.0,"CEREALS, EXCL. BREAD,BUNS,CAKES,BISCUITS"
28201,BREAKFAST  CEREALS,282,BREAKFAST CEREALS,oz,251301.0,ALL CEREALS
28201,BREAKFAST  CEREALS,282,BREAKFAST CEREALS,oz,264301.0,CEREALS OTHER THAN BREAD
28201,BREAKFAST  CEREALS,282,BREAKFAST CEREALS,oz,281301.0,"CEREALS, EXCL. BREAD,BUNS,CAKES,BISCUITS"
28202,MUESLI,282,BREAKFAST CEREALS,oz,251301.0,ALL CEREALS
28202,MUESLI,282,BREAKFAST CEREALS,oz,264301.0,CEREALS OTHER THAN BREAD
28202,MUESLI,282,BREAKFAST CEREALS,oz,281301.0,"CEREALS, EXCL. BREAD,BUNS,CAKES,BISCUITS"
28203,OTHER HIGH FIBRE BREAKFAST CEREALS,282,BREAKFAST CEREALS,oz,251301.0,ALL CEREALS
28203,OTHER HIGH FIBRE BREAKFAST CEREALS,282,BREAKFAST CEREALS,oz,264301.0,CEREALS OTHER THAN BREAD
28203,OTHER HIGH FIBRE BREAKFAST CEREALS,282,BREAKFAST CEREALS,oz,281301.0,"CEREALS, EXCL. BREAD,BUNS,CAKES,BISCUITS"
28204,SWEETENED BREAKFAST CEREALS,282,BREAKFAST CEREALS,oz,251301.0,ALL CEREALS
28204,SWEETENED BREAKFAST CEREALS,282,BREAKFAST CEREALS,oz,264301.0,CEREALS OTHER THAN BREAD
28204,SWEETENED BREAKFAST CEREALS,282,BREAKFAST CEREALS,oz,281301.0,"CEREALS, EXCL. BREAD,BUNS,CAKES,BISCUITS"
28205,OTHER BREAKFAST CEREALS,282,BREAKFAST CEREALS,oz,251301.0,ALL CEREALS
28205,OTHER BREAKFAST CEREALS,282,BREAKFAST CEREALS,oz,264301.0,CEREALS OTHER THAN BREAD
28205,OTHER BREAKFAST CEREALS,282,BREAKFAST CEREALS,oz,281301.0,"CEREALS, EXCL. BREAD,BUNS,CAKES,BISCUITS"
28501,CANNED  MILK  PUDDINGS,285,CANNED MILK PUDDINGS,oz,251301.0,ALL CEREALS
28501,CANNED  MILK  PUDDINGS,285,CANNED MILK PUDDINGS,oz,264301.0,CEREALS OTHER THAN BREAD
28501,CANNED  MILK  PUDDINGS,285,CANNED MILK PUDDINGS,oz,281301.0,"CEREALS, EXCL. BREAD,BUNS,CAKES,BISCUITS"
28501,CANNED  MILK  PUDDINGS,285,CANNED MILK PUDDINGS,oz,285301.0,"CEREAL FOODS, NOT BCEREAL,OATML&OAT PROD"
28601,OTHER  PUDDINGS,286,OTHER PUDDINGS,oz,251301.0,ALL CEREALS
28601,OTHER  PUDDINGS,286,OTHER PUDDINGS,oz,264301.0,CEREALS OTHER THAN BREAD
28601,OTHER  PUDDINGS,286,OTHER PUDDINGS,oz,281301.0,"CEREALS, EXCL. BREAD,BUNS,CAKES,BISCUITS"
28601,OTHER  PUDDINGS,286,OTHER PUDDINGS,oz,285301.0,"CEREAL FOODS, NOT BCEREAL,OATML&OAT PROD"
28701,RICE,287,RICE,oz,251301.0,ALL CEREALS
28701,RICE,287,RICE,oz,264301.0,CEREALS OTHER THAN BREAD
28701,RICE,287,RICE,oz,281301.0,"CEREALS, EXCL. BREAD,BUNS,CAKES,BISCUITS"
28701,RICE,287,RICE,oz,285301.0,"CEREAL FOODS, NOT BCEREAL,OATML&OAT PROD"
28702,DRIED RICE,287,RICE,oz,251301.0,ALL CEREALS
28702,DRIED RICE,287,RICE,oz,264301.0,CEREALS OTHER THAN BREAD
28702,DRIED RICE,287,RICE,oz,281301.0,"CEREALS, EXCL. BREAD,BUNS,CAKES,BISCUITS"
28702,DRIED RICE,287,RICE,oz,285301.0,"CEREAL FOODS, NOT BCEREAL,OATML&OAT PROD"
28703,COOKED RICE,287,RICE,oz,251301.0,ALL CEREALS
28703,COOKED RICE,287,RICE,oz,264301.0,CEREALS OTHER THAN BREAD
28703,COOKED RICE,287,RICE,oz,281301.0,"CEREALS, EXCL. BREAD,BUNS,CAKES,BISCUITS"
28703,COOKED RICE,287,RICE,oz,285301.0,"CEREAL FOODS, NOT BCEREAL,OATML&OAT PROD"
29001,CEREAL-BASED INVALID-INCL SLIMMING-FOODS,290,CEREAL-BASED INVALID-INCL SLIMMING-FOODS,oz,251301.0,ALL CEREALS
29001,CEREAL-BASED INVALID-INCL SLIMMING-FOODS,290,CEREAL-BASED INVALID-INCL SLIMMING-FOODS,oz,264301.0,CEREALS OTHER THAN BREAD
29001,CEREAL-BASED INVALID-INCL SLIMMING-FOODS,290,CEREAL-BASED INVALID-INCL SLIMMING-FOODS,oz,281301.0,"CEREALS, EXCL. BREAD,BUNS,CAKES,BISCUITS"
29001,CEREAL-BASED INVALID-INCL SLIMMING-FOODS,290,CEREAL-BASED INVALID-INCL SLIMMING-FOODS,oz,285301.0,"CEREAL FOODS, NOT BCEREAL,OATML&OAT PROD"
29101,INFANT FOODS,291,INFANT FOODS,oz,251301.0,ALL CEREALS
29101,INFANT FOODS,291,INFANT FOODS,oz,264301.0,CEREALS OTHER THAN BREAD
29101,INFANT FOODS,291,INFANT FOODS,oz,281301.0,"CEREALS, EXCL. BREAD,BUNS,CAKES,BISCUITS"
29101,INFANT FOODS,291,INFANT FOODS,oz,285301.0,"CEREAL FOODS, NOT BCEREAL,OATML&OAT PROD"
29401,FROZEN CONV CEREAL FOODS,294,TOTAL FROZEN CONVENIENCE CEREAL FOODS,oz,251301.0,ALL CEREALS
29401,FROZEN CONV CEREAL FOODS,294,TOTAL FROZEN CONVENIENCE CEREAL FOODS,oz,264301.0,CEREALS OTHER THAN BREAD
29401,FROZEN CONV CEREAL FOODS,294,TOTAL FROZEN CONVENIENCE CEREAL FOODS,oz,281301.0,"CEREALS, EXCL. BREAD,BUNS,CAKES,BISCUITS"
29401,FROZEN CONV CEREAL FOODS,294,TOTAL FROZEN CONVENIENCE CEREAL FOODS,oz,285301.0,"CEREAL FOODS, NOT BCEREAL,OATML&OAT PROD"
29402,FROZEN CAKES AND PASTRIES,294,TOTAL FROZEN CONVENIENCE CEREAL FOODS,oz,251301.0,ALL CEREALS
29402,FROZEN CAKES AND PASTRIES,294,TOTAL FROZEN CONVENIENCE CEREAL FOODS,oz,264301.0,CEREALS OTHER THAN BREAD
29402,FROZEN CAKES AND PASTRIES,294,TOTAL FROZEN CONVENIENCE CEREAL FOODS,oz,281301.0,"CEREALS, EXCL. BREAD,BUNS,CAKES,BISCUITS"
29402,FROZEN CAKES AND PASTRIES,294,TOTAL FROZEN CONVENIENCE CEREAL FOODS,oz,285301.0,"CEREAL FOODS, NOT BCEREAL,OATML&OAT PROD"
29403,OTHER FROZEN CONVENIENCE CEREAL FOODS,294,TOTAL FROZEN CONVENIENCE CEREAL FOODS,oz,251301.0,ALL CEREALS
29403,OTHER FROZEN CONVENIENCE CEREAL FOODS,294,TOTAL FROZEN CONVENIENCE CEREAL FOODS,oz,264301.0,CEREALS OTHER THAN BREAD
29403,OTHER FROZEN CONVENIENCE CEREAL FOODS,294,TOTAL FROZEN CONVENIENCE CEREAL FOODS,oz,281301.0,"CEREALS, EXCL. BREAD,BUNS,CAKES,BISCUITS"
29403,OTHER FROZEN CONVENIENCE CEREAL FOODS,294,TOTAL FROZEN CONVENIENCE CEREAL FOODS,oz,285301.0,"CEREAL FOODS, NOT BCEREAL,OATML&OAT PROD"
29404,FROZEN PIZZA,294,TOTAL FROZEN CONVENIENCE CEREAL FOODS,oz,251301.0,ALL CEREALS
29404,FROZEN PIZZA,294,TOTAL FROZEN CONVENIENCE CEREAL FOODS,oz,264301.0,CEREALS OTHER THAN BREAD
29404,FROZEN PIZZA,294,TOTAL FROZEN CONVENIENCE CEREAL FOODS,oz,281301.0,"CEREALS, EXCL. BREAD,BUNS,CAKES,BISCUITS"
29404,FROZEN PIZZA,294,TOTAL FROZEN CONVENIENCE CEREAL FOODS,oz,285301.0,"CEREAL FOODS, NOT BCEREAL,OATML&OAT PROD"
29409,OTHER FROZEN CONVENIENCE CEREAL FOODS,294,TOTAL FROZEN CONVENIENCE CEREAL FOODS,oz,251301.0,ALL CEREALS
29409,OTHER FROZEN CONVENIENCE CEREAL FOODS,294,TOTAL FROZEN CONVENIENCE CEREAL FOODS,oz,264301.0,CEREALS OTHER THAN BREAD
29409,OTHER FROZEN CONVENIENCE CEREAL FOODS,294,TOTAL FROZEN CONVENIENCE CEREAL FOODS,oz,281301.0,"CEREALS, EXCL. BREAD,BUNS,CAKES,BISCUITS"
29409,OTHER FROZEN CONVENIENCE CEREAL FOODS,294,TOTAL FROZEN CONVENIENCE CEREAL FOODS,oz,285301.0,"CEREAL FOODS, NOT BCEREAL,OATML&OAT PROD"
29901,OTHER CEREAL CONVENIENCE FOODS,299,TOTAL CEREAL CONVENIENCE FOODS NSE,oz,251301.0,ALL CEREALS
29901,OTHER CEREAL CONVENIENCE FOODS,299,TOTAL CEREAL CONVENIENCE FOODS NSE,oz,264301.0,CEREALS OTHER THAN BREAD
29901,OTHER CEREAL CONVENIENCE FOODS,299,TOTAL CEREAL CONVENIENCE FOODS NSE,oz,281301.0,"CEREALS, EXCL. BREAD,BUNS,CAKES,BISCUITS"
29901,OTHER CEREAL CONVENIENCE FOODS,299,TOTAL CEREAL CONVENIENCE FOODS NSE,oz,285301.0,"CEREAL FOODS, NOT BCEREAL,OATML&OAT PROD"
29902,CAKE TART SPONGE AND PUDDING MIXES,299,TOTAL CEREAL CONVENIENCE FOODS NSE,oz,251301.0,ALL CEREALS
29902,CAKE TART SPONGE AND PUDDING MIXES,299,TOTAL CEREAL CONVENIENCE FOODS NSE,oz,264301.0,CEREALS OTHER THAN BREAD
29902,CAKE TART SPONGE AND PUDDING MIXES,299,TOTAL CEREAL CONVENIENCE FOODS NSE,oz,281301.0,"CEREALS, EXCL. BREAD,BUNS,CAKES,BISCUITS"
29902,CAKE TART SPONGE AND PUDDING MIXES,299,TOTAL CEREAL CONVENIENCE FOODS NSE,oz,285301.0,"CEREAL FOODS, NOT BCEREAL,OATML&OAT PROD"
29903,CANNED PASTA,299,TOTAL CEREAL CONVENIENCE FOODS NSE,oz,251301.0,ALL CEREALS
29903,CANNED PASTA,299,TOTAL CEREAL CONVENIENCE FOODS NSE,oz,264301.0,CEREALS OTHER THAN BREAD
29903,CANNED PASTA,299,TOTAL CEREAL CONVENIENCE FOODS NSE,oz,281301.0,"CEREALS, EXCL. BREAD,BUNS,CAKES,BISCUITS"
29903,CANNED PASTA,299,TOTAL CEREAL CONVENIENCE FOODS NSE,oz,285301.0,"CEREAL FOODS, NOT BCEREAL,OATML&OAT PROD"
29904,SAUCE MIXES,299,TOTAL CEREAL CONVENIENCE FOODS NSE,oz,251301.0,ALL CEREALS
29904,SAUCE MIXES,299,TOTAL CEREAL CONVENIENCE FOODS NSE,oz,264301.0,CEREALS OTHER THAN BREAD
29904,SAUCE MIXES,299,TOTAL CEREAL CONVENIENCE FOODS NSE,oz,281301.0,"CEREALS, EXCL. BREAD,BUNS,CAKES,BISCUITS"
29904,SAUCE MIXES,299,TOTAL CEREAL CONVENIENCE FOODS NSE,oz,285301.0,"CEREAL FOODS, NOT BCEREAL,OATML&OAT PROD"
29905,OTHER CEREAL CONV FOODS (INC CANNED) NSE,299,TOTAL CEREAL CONVENIENCE FOODS NSE,oz,251301.0,ALL CEREALS
29905,OTHER CEREAL CONV FOODS (INC CANNED) NSE,299,TOTAL CEREAL CONVENIENCE FOODS NSE,oz,264301.0,CEREALS OTHER THAN BREAD
29905,OTHER CEREAL CONV FOODS (INC CANNED) NSE,299,TOTAL CEREAL CONVENIENCE FOODS NSE,oz,281301.0,"CEREALS, EXCL. BREAD,BUNS,CAKES,BISCUITS"
29905,OTHER CEREAL CONV FOODS (INC CANNED) NSE,299,TOTAL CEREAL CONVENIENCE FOODS NSE,oz,285301.0,"CEREAL FOODS, NOT BCEREAL,OATML&OAT PROD"
29906,PIZZA,299,TOTAL CEREAL CONVENIENCE FOODS NSE,oz,251301.0,ALL CEREALS
29906,PIZZA,299,TOTAL CEREAL CONVENIENCE FOODS NSE,oz,264301.0,CEREALS OTHER THAN BREAD
29906,PIZZA,299,TOTAL CEREAL CONVENIENCE FOODS NSE,oz,281301.0,"CEREALS, EXCL. BREAD,BUNS,CAKES,BISCUITS"
29906,PIZZA,299,TOTAL CEREAL CONVENIENCE FOODS NSE,oz,285301.0,"CEREAL FOODS, NOT BCEREAL,OATML&OAT PROD"
29907,"CAKE, PUDDING AND DESSERT MIXES",299,TOTAL CEREAL CONVENIENCE FOODS NSE,oz,251301.0,ALL CEREALS
29907,"CAKE, PUDDING AND DESSERT MIXES",299,TOTAL CEREAL CONVENIENCE FOODS NSE,oz,264301.0,CEREALS OTHER THAN BREAD
29907,"CAKE, PUDDING AND DESSERT MIXES",299,TOTAL CEREAL CONVENIENCE FOODS NSE,oz,281301.0,"CEREALS, EXCL. BREAD,BUNS,CAKES,BISCUITS"
29907,"CAKE, PUDDING AND DESSERT MIXES",299,TOTAL CEREAL CONVENIENCE FOODS NSE,oz,285301.0,"CEREAL FOODS, NOT BCEREAL,OATML&OAT PROD"
29908,OTHER CEREAL CONVENIENCE FOODS,299,TOTAL CEREAL CONVENIENCE FOODS NSE,oz,251301.0,ALL CEREALS
29908,OTHER CEREAL CONVENIENCE FOODS,299,TOTAL CEREAL CONVENIENCE FOODS NSE,oz,264301.0,CEREALS OTHER THAN BREAD
29908,OTHER CEREAL CONVENIENCE FOODS,299,TOTAL CEREAL CONVENIENCE FOODS NSE,oz,281301.0,"CEREALS, EXCL. BREAD,BUNS,CAKES,BISCUITS"
29908,OTHER CEREAL CONVENIENCE FOODS,299,TOTAL CEREAL CONVENIENCE FOODS NSE,oz,285301.0,"CEREAL FOODS, NOT BCEREAL,OATML&OAT PROD"
29909,CEREAL SNACKS,299,TOTAL CEREAL CONVENIENCE FOODS NSE,oz,251301.0,ALL CEREALS
29909,CEREAL SNACKS,299,TOTAL CEREAL CONVENIENCE FOODS NSE,oz,264301.0,CEREALS OTHER THAN BREAD
29909,CEREAL SNACKS,299,TOTAL CEREAL CONVENIENCE FOODS NSE,oz,281301.0,"CEREALS, EXCL. BREAD,BUNS,CAKES,BISCUITS"
29909,CEREAL SNACKS,299,TOTAL CEREAL CONVENIENCE FOODS NSE,oz,285301.0,"CEREAL FOODS, NOT BCEREAL,OATML&OAT PROD"
29910,OTHER CEREAL CONVENIENCE FOODS,299,TOTAL CEREAL CONVENIENCE FOODS NSE,oz,251301.0,ALL CEREALS
29910,OTHER CEREAL CONVENIENCE FOODS,299,TOTAL CEREAL CONVENIENCE FOODS NSE,oz,264301.0,CEREALS OTHER THAN BREAD
29910,OTHER CEREAL CONVENIENCE FOODS,299,TOTAL CEREAL CONVENIENCE FOODS NSE,oz,281301.0,"CEREALS, EXCL. BREAD,BUNS,CAKES,BISCUITS"
29910,OTHER CEREAL CONVENIENCE FOODS,299,TOTAL CEREAL CONVENIENCE FOODS NSE,oz,285301.0,"CEREAL FOODS, NOT BCEREAL,OATML&OAT PROD"
29911,PIZZA,299,TOTAL CEREAL CONVENIENCE FOODS NSE,oz,251301.0,ALL CEREALS
29911,PIZZA,299,TOTAL CEREAL CONVENIENCE FOODS NSE,oz,264301.0,CEREALS OTHER THAN BREAD
29911,PIZZA,299,TOTAL CEREAL CONVENIENCE FOODS NSE,oz,281301.0,"CEREALS, EXCL. BREAD,BUNS,CAKES,BISCUITS"
29911,PIZZA,299,TOTAL CEREAL CONVENIENCE FOODS NSE,oz,285301.0,"CEREAL FOODS, NOT BCEREAL,OATML&OAT PROD"
29912,TAKEAWAY PIZZA,299,TOTAL CEREAL CONVENIENCE FOODS NSE,oz,251301.0,ALL CEREALS
29912,TAKEAWAY PIZZA,299,TOTAL CEREAL CONVENIENCE FOODS NSE,oz,264301.0,CEREALS OTHER THAN BREAD
29912,TAKEAWAY PIZZA,299,TOTAL CEREAL CONVENIENCE FOODS NSE,oz,281301.0,"CEREALS, EXCL. BREAD,BUNS,CAKES,BISCUITS"
29912,TAKEAWAY PIZZA,299,TOTAL CEREAL CONVENIENCE FOODS NSE,oz,285301.0,"CEREAL FOODS, NOT BCEREAL,OATML&OAT PROD"
29913,OTHER CEREAL CONVENIENCE FOODS,299,TOTAL CEREAL CONVENIENCE FOODS NSE,oz,251301.0,ALL CEREALS
29913,OTHER CEREAL CONVENIENCE FOODS,299,TOTAL CEREAL CONVENIENCE FOODS NSE,oz,264301.0,CEREALS OTHER THAN BREAD
29913,OTHER CEREAL CONVENIENCE FOODS,299,TOTAL CEREAL CONVENIENCE FOODS NSE,oz,281301.0,"CEREALS, EXCL. BREAD,BUNS,CAKES,BISCUITS"
29913,OTHER CEREAL CONVENIENCE FOODS,299,TOTAL CEREAL CONVENIENCE FOODS NSE,oz,285301.0,"CEREAL FOODS, NOT BCEREAL,OATML&OAT PROD"
29914,PASTA,299,TOTAL CEREAL CONVENIENCE FOODS NSE,oz,251301.0,ALL CEREALS
29914,PASTA,299,TOTAL CEREAL CONVENIENCE FOODS NSE,oz,264301.0,CEREALS OTHER THAN BREAD
29914,PASTA,299,TOTAL CEREAL CONVENIENCE FOODS NSE,oz,281301.0,"CEREALS, EXCL. BREAD,BUNS,CAKES,BISCUITS"
29914,PASTA,299,TOTAL CEREAL CONVENIENCE FOODS NSE,oz,285301.0,"CEREAL FOODS, NOT BCEREAL,OATML&OAT PROD"
30101,OTHER CEREAL FOODS,301,OTHER CEREAL FOODS,oz,251301.0,ALL CEREALS
30101,OTHER CEREAL FOODS,301,OTHER CEREAL FOODS,oz,264301.0,CEREALS OTHER THAN BREAD
30101,OTHER CEREAL FOODS,301,OTHER CEREAL FOODS,oz,281301.0,"CEREALS, EXCL. BREAD,BUNS,CAKES,BISCUITS"
30101,OTHER CEREAL FOODS,301,OTHER CEREAL FOODS,oz,285301.0,"CEREAL FOODS, NOT BCEREAL,OATML&OAT PROD"
30401,TEA,304,TEA,oz,304313.0,BEVERAGES
30401,TEA,304,TEA,oz,304339.0,BEVERAGES & MISCELLANEOUS
30701,COFFEE  BEAN  &  GROUND,307,COFFEE BEAN AND GROUND,oz,304313.0,BEVERAGES
30701,COFFEE  BEAN  &  GROUND,307,COFFEE BEAN AND GROUND,oz,304339.0,BEVERAGES & MISCELLANEOUS
30701,COFFEE  BEAN  &  GROUND,307,COFFEE BEAN AND GROUND,oz,307309.0,"COFFEE BEAN, INSTANT & ESSENCES"
30701,COFFEE  BEAN  &  GROUND,307,COFFEE BEAN AND GROUND,oz,307313.0,BEVERAGES OTHER THAN TEA
30801,COFFEE  INSTANT  (INCL  AFD),308,COFFEE INSTANT (INCL AFD),oz,304313.0,BEVERAGES
30801,COFFEE  INSTANT  (INCL  AFD),308,COFFEE INSTANT (INCL AFD),oz,304339.0,BEVERAGES & MISCELLANEOUS
30801,COFFEE  INSTANT  (INCL  AFD),308,COFFEE INSTANT (INCL AFD),oz,307309.0,"COFFEE BEAN, INSTANT & ESSENCES"
30801,COFFEE  INSTANT  (INCL  AFD),308,COFFEE INSTANT (INCL AFD),oz,307313.0,BEVERAGES OTHER THAN TEA
30901,COFFEE  ESSENCES,309,COFFEE ESSENCES,floz,304313.0,BEVERAGES
30901,COFFEE  ESSENCES,309,COFFEE ESSENCES,floz,304339.0,BEVERAGES & MISCELLANEOUS
30901,COFFEE  ESSENCES,309,COFFEE ESSENCES,floz,307309.0,"COFFEE BEAN, INSTANT & ESSENCES"
30901,COFFEE  ESSENCES,309,COFFEE ESSENCES,floz,307313.0,BEVERAGES OTHER THAN TEA
31201,COCOA  &  DRINKING  CHOCOLATE,312,COCOA AND DRINKING CHOCOLATE,oz,304313.0,BEVERAGES
31201,COCOA  &  DRINKING  CHOCOLATE,312,COCOA AND DRINKING CHOCOLATE,oz,304339.0,BEVERAGES & MISCELLANEOUS
31201,COCOA  &  DRINKING  CHOCOLATE,312,COCOA AND DRINKING CHOCOLATE,oz,307313.0,BEVERAGES OTHER THAN TEA
31301,BRANDED  FOOD  DRINKS,313,BRANDED FOOD DRINKS,oz,304313.0,BEVERAGES
31301,BRANDED  FOOD  DRINKS,313,BRANDED FOOD DRINKS,oz,304339.0,BEVERAGES & MISCELLANEOUS
31301,BRANDED  FOOD  DRINKS,313,BRANDED FOOD DRINKS,oz,307313.0,BEVERAGES OTHER THAN TEA
31401,MINERAL WATERS,314,MINERAL WATER,floz,304339.0,BEVERAGES & MISCELLANEOUS
31401,MINERAL WATERS,314,MINERAL WATER,floz,314334.0,FOOD GP OF MAJOR FOODS 314 TO 334
31401,MINERAL WATERS,314,MINERAL WATER,floz,314339.0,ALL OTHER FOODS
31501,BABY  FOODS  CANNED  OR  BOTTLED,315,BABY FOODS CANNED OR BOTTLED,oz,304339.0,BEVERAGES & MISCELLANEOUS
31501,BABY  FOODS  CANNED  OR  BOTTLED,315,BABY FOODS CANNED OR BOTTLED,oz,314334.0,FOOD GP OF MAJOR FOODS 314 TO 334
31501,BABY  FOODS  CANNED  OR  BOTTLED,315,BABY FOODS CANNED OR BOTTLED,oz,314339.0,ALL OTHER FOODS
31501,BABY  FOODS  CANNED  OR  BOTTLED,315,BABY FOODS CANNED OR BOTTLED,oz,315339.0,OTHER FOODS & MISC. INC. SOUPS
31801,SOUPS  CANNED,318,SOUPS CANNED,oz,304339.0,BEVERAGES & MISCELLANEOUS
31801,SOUPS  CANNED,318,SOUPS CANNED,oz,314334.0,FOOD GP OF MAJOR FOODS 314 TO 334
31801,SOUPS  CANNED,318,SOUPS CANNED,oz,314339.0,ALL OTHER FOODS
31801,SOUPS  CANNED,318,SOUPS CANNED,oz,315339.0,OTHER FOODS & MISC. INC. SOUPS
31801,SOUPS  CANNED,318,SOUPS CANNED,oz,318319.0,"SOUPS, CANNED, DEHYDRATED, POWDERED"
31802,SOUPS  CANNED CONDENSED,318,SOUPS CANNED,oz,304339.0,BEVERAGES & MISCELLANEOUS
31802,SOUPS  CANNED CONDENSED,318,SOUPS CANNED,oz,314334.0,FOOD GP OF MAJOR FOODS 314 TO 334
31802,SOUPS  CANNED CONDENSED,318,SOUPS CANNED,oz,314339.0,ALL OTHER FOODS
31802,SOUPS  CANNED CONDENSED,318,SOUPS CANNED,oz,315339.0,OTHER FOODS & MISC. INC. SOUPS
31802,SOUPS  CANNED CONDENSED,318,SOUPS CANNED,oz,318319.0,"SOUPS, CANNED, DEHYDRATED, POWDERED"
31803,SOUPS  CANNED  OTHER,318,SOUPS CANNED,oz,304339.0,BEVERAGES & MISCELLANEOUS
31803,SOUPS  CANNED  OTHER,318,SOUPS CANNED,oz,314334.0,FOOD GP OF MAJOR FOODS 314 TO 334
31803,SOUPS  CANNED  OTHER,318,SOUPS CANNED,oz,314339.0,ALL OTHER FOODS
31803,SOUPS  CANNED  OTHER,318,SOUPS CANNED,oz,315339.0,OTHER FOODS & MISC. INC. SOUPS
31803,SOUPS  CANNED  OTHER,318,SOUPS CANNED,oz,318319.0,"SOUPS, CANNED, DEHYDRATED, POWDERED"
31901,SOUPS  DEHYDRATED  &  POWDERED,319,SOUPS DEHYDRATED AND POWDERED,oz,304339.0,BEVERAGES & MISCELLANEOUS
31901,SOUPS  DEHYDRATED  &  POWDERED,319,SOUPS DEHYDRATED AND POWDERED,oz,314334.0,FOOD GP OF MAJOR FOODS 314 TO 334
31901,SOUPS  DEHYDRATED  &  POWDERED,319,SOUPS DEHYDRATED AND POWDERED,oz,314339.0,ALL OTHER FOODS
31901,SOUPS  DEHYDRATED  &  POWDERED,319,SOUPS DEHYDRATED AND POWDERED,oz,315339.0,OTHER FOODS & MISC. INC. SOUPS
31901,SOUPS  DEHYDRATED  &  POWDERED,319,SOUPS DEHYDRATED AND POWDERED,oz,318319.0,"SOUPS, CANNED, DEHYDRATED, POWDERED"
32001,AFD  FOODS  (EXCL  COFFEE),320,AFD FOODS (EXCL COFFEE),oz,304339.0,BEVERAGES & MISCELLANEOUS
32001,AFD  FOODS  (EXCL  COFFEE),320,AFD FOODS (EXCL COFFEE),oz,314334.0,FOOD GP OF MAJOR FOODS 314 TO 334
32001,AFD  FOODS  (EXCL  COFFEE),320,AFD FOODS (EXCL COFFEE),oz,314339.0,ALL OTHER FOODS
32001,AFD  FOODS  (EXCL  COFFEE),320,AFD FOODS (EXCL COFFEE),oz,315339.0,OTHER FOODS & MISC. INC. SOUPS
32301,SPREADS  &  DRESSINGS,323,SPREADS AND DRESSINGS,oz,304339.0,BEVERAGES & MISCELLANEOUS
32301,SPREADS  &  DRESSINGS,323,SPREADS AND DRESSINGS,oz,314334.0,FOOD GP OF MAJOR FOODS 314 TO 334
32301,SPREADS  &  DRESSINGS,323,SPREADS AND DRESSINGS,oz,314339.0,ALL OTHER FOODS
32301,SPREADS  &  DRESSINGS,323,SPREADS AND DRESSINGS,oz,315339.0,OTHER FOODS & MISC. INC. SOUPS
32302,SALAD DRESSINGS,323,SPREADS AND DRESSINGS,oz,304339.0,BEVERAGES & MISCELLANEOUS
32302,SALAD DRESSINGS,323,SPREADS AND DRESSINGS,oz,314334.0,FOOD GP OF MAJOR FOODS 314 TO 334
32302,SALAD DRESSINGS,323,SPREADS AND DRESSINGS,oz,314339.0,ALL OTHER FOODS
32302,SALAD DRESSINGS,323,SPREADS AND DRESSINGS,oz,315339.0,OTHER FOODS & MISC. INC. SOUPS
32303,OTHER SPREADS AND DRESSINGS,323,SPREADS AND DRESSINGS,oz,304339.0,BEVERAGES & MISCELLANEOUS
32303,OTHER SPREADS AND DRESSINGS,323,SPREADS AND DRESSINGS,oz,314334.0,FOOD GP OF MAJOR FOODS 314 TO 334
32303,OTHER SPREADS AND DRESSINGS,323,SPREADS AND DRESSINGS,oz,314339.0,ALL OTHER FOODS
32303,OTHER SPREADS AND DRESSINGS,323,SPREADS AND DRESSINGS,oz,315339.0,OTHER FOODS & MISC. INC. SOUPS
32701,PICKLES  &  SAUCES,327,PICKLES AND SAUCES,oz,304339.0,BEVERAGES & MISCELLANEOUS
32701,PICKLES  &  SAUCES,327,PICKLES AND SAUCES,oz,314334.0,FOOD GP OF MAJOR FOODS 314 TO 334
32701,PICKLES  &  SAUCES,327,PICKLES AND SAUCES,oz,314339.0,ALL OTHER FOODS
32701,PICKLES  &  SAUCES,327,PICKLES AND SAUCES,oz,315339.0,OTHER FOODS & MISC. INC. SOUPS
32801,MEAT AND YEAST EXTRACTS,328,MEAT AND YEAST EXTRACTS,oz,304339.0,BEVERAGES & MISCELLANEOUS
32801,MEAT AND YEAST EXTRACTS,328,MEAT AND YEAST EXTRACTS,oz,314334.0,FOOD GP OF MAJOR FOODS 314 TO 334
32801,MEAT AND YEAST EXTRACTS,328,MEAT AND YEAST EXTRACTS,oz,314339.0,ALL OTHER FOODS
32801,MEAT AND YEAST EXTRACTS,328,MEAT AND YEAST EXTRACTS,oz,315339.0,OTHER FOODS & MISC. INC. SOUPS
32901,TABLE  JELLY  SQUARES  &  CRYSTALS,329,TABLE JELLY SQUARES AND CRYSTALS,oz,304339.0,BEVERAGES & MISCELLANEOUS
32901,TABLE  JELLY  SQUARES  &  CRYSTALS,329,TABLE JELLY SQUARES AND CRYSTALS,oz,314334.0,FOOD GP OF MAJOR FOODS 314 TO 334
32901,TABLE  JELLY  SQUARES  &  CRYSTALS,329,TABLE JELLY SQUARES AND CRYSTALS,oz,314339.0,ALL OTHER FOODS
32901,TABLE  JELLY  SQUARES  &  CRYSTALS,329,TABLE JELLY SQUARES AND CRYSTALS,oz,315339.0,OTHER FOODS & MISC. INC. SOUPS
33201,ICE-CREAM (AS PART OF A MEAL) MOUSSE,332,ICECREAM (+MOUSSE PRE-92),floz,304339.0,BEVERAGES & MISCELLANEOUS
33201,ICE-CREAM (AS PART OF A MEAL) MOUSSE,332,ICECREAM (+MOUSSE PRE-92),floz,314334.0,FOOD GP OF MAJOR FOODS 314 TO 334
33201,ICE-CREAM (AS PART OF A MEAL) MOUSSE,332,ICECREAM (+MOUSSE PRE-92),floz,314339.0,ALL OTHER FOODS
33201,ICE-CREAM (AS PART OF A MEAL) MOUSSE,332,ICECREAM (+MOUSSE PRE-92),floz,315339.0,OTHER FOODS & MISC. INC. SOUPS
33201,ICE-CREAM (AS PART OF A MEAL) MOUSSE,332,ICECREAM (+MOUSSE PRE-92),floz,332333.0,FROZEN DAIRY FOODS
33202,"ICE-CREAM, MOUSSE",332,ICECREAM (+MOUSSE PRE-92),floz,304339.0,BEVERAGES & MISCELLANEOUS
33202,"ICE-CREAM, MOUSSE",332,ICECREAM (+MOUSSE PRE-92),floz,314334.0,FOOD GP OF MAJOR FOODS 314 TO 334
33202,"ICE-CREAM, MOUSSE",332,ICECREAM (+MOUSSE PRE-92),floz,314339.0,ALL OTHER FOODS
33202,"ICE-CREAM, MOUSSE",332,ICECREAM (+MOUSSE PRE-92),floz,315339.0,OTHER FOODS & MISC. INC. SOUPS
33202,"ICE-CREAM, MOUSSE",332,ICECREAM (+MOUSSE PRE-92),floz,332333.0,FROZEN DAIRY FOODS
33203,ICECREAM,332,ICECREAM (+MOUSSE PRE-92),floz,304339.0,BEVERAGES & MISCELLANEOUS
33203,ICECREAM,332,ICECREAM (+MOUSSE PRE-92),floz,314334.0,FOOD GP OF MAJOR FOODS 314 TO 334
33203,ICECREAM,332,ICECREAM (+MOUSSE PRE-92),floz,314339.0,ALL OTHER FOODS
33203,ICECREAM,332,ICECREAM (+MOUSSE PRE-92),floz,315339.0,OTHER FOODS & MISC. INC. SOUPS
33203,ICECREAM,332,ICECREAM (+MOUSSE PRE-92),floz,332333.0,FROZEN DAIRY FOODS
33301,ALL FROZEN CONVENIENCE FOODS NSE,333,ICECREAM PRODUCTS & OTH FROZEN DAIRY FDS,floz,304339.0,BEVERAGES & MISCELLANEOUS
33301,ALL FROZEN CONVENIENCE FOODS NSE,333,ICECREAM PRODUCTS & OTH FROZEN DAIRY FDS,floz,314334.0,FOOD GP OF MAJOR FOODS 314 TO 334
33301,ALL FROZEN CONVENIENCE FOODS NSE,333,ICECREAM PRODUCTS & OTH FROZEN DAIRY FDS,floz,314339.0,ALL OTHER FOODS
33301,ALL FROZEN CONVENIENCE FOODS NSE,333,ICECREAM PRODUCTS & OTH FROZEN DAIRY FDS,floz,315339.0,OTHER FOODS & MISC. INC. SOUPS
33301,ALL FROZEN CONVENIENCE FOODS NSE,333,ICECREAM PRODUCTS & OTH FROZEN DAIRY FDS,floz,332333.0,FROZEN DAIRY FOODS
33302,ICECREAM PRODUCTS,333,ICECREAM PRODUCTS & OTH FROZEN DAIRY FDS,floz,304339.0,BEVERAGES & MISCELLANEOUS
33302,ICECREAM PRODUCTS,333,ICECREAM PRODUCTS & OTH FROZEN DAIRY FDS,floz,314334.0,FOOD GP OF MAJOR FOODS 314 TO 334
33302,ICECREAM PRODUCTS,333,ICECREAM PRODUCTS & OTH FROZEN DAIRY FDS,floz,314339.0,ALL OTHER FOODS
33302,ICECREAM PRODUCTS,333,ICECREAM PRODUCTS & OTH FROZEN DAIRY FDS,floz,315339.0,OTHER FOODS & MISC. INC. SOUPS
33302,ICECREAM PRODUCTS,333,ICECREAM PRODUCTS & OTH FROZEN DAIRY FDS,floz,332333.0,FROZEN DAIRY FOODS
33303,OTHER FROZEN DAIRY FOODS AND ICES,333,ICECREAM PRODUCTS & OTH FROZEN DAIRY FDS,floz,304339.0,BEVERAGES & MISCELLANEOUS
33303,OTHER FROZEN DAIRY FOODS AND ICES,333,ICECREAM PRODUCTS & OTH FROZEN DAIRY FDS,floz,314334.0,FOOD GP OF MAJOR FOODS 314 TO 334
33303,OTHER FROZEN DAIRY FOODS AND ICES,333,ICECREAM PRODUCTS & OTH FROZEN DAIRY FDS,floz,314339.0,ALL OTHER FOODS
33303,OTHER FROZEN DAIRY FOODS AND ICES,333,ICECREAM PRODUCTS & OTH FROZEN DAIRY FDS,floz,315339.0,OTHER FOODS & MISC. INC. SOUPS
33303,OTHER FROZEN DAIRY FOODS AND ICES,333,ICECREAM PRODUCTS & OTH FROZEN DAIRY FDS,floz,332333.0,FROZEN DAIRY FOODS
33401,SALT,334,SALT,oz,304339.0,BEVERAGES & MISCELLANEOUS
33401,SALT,334,SALT,oz,314334.0,FOOD GP OF MAJOR FOODS 314 TO 334
33401,SALT,334,SALT,oz,314339.0,ALL OTHER FOODS
33401,SALT,334,SALT,oz,315339.0,OTHER FOODS & MISC. INC. SOUPS
33501,ARTIFICIAL SWEETENERS - EXP ONLY,335,ARTIFICIAL SWEETENERS - EXP ONLY,oz,304339.0,BEVERAGES & MISCELLANEOUS
33501,ARTIFICIAL SWEETENERS - EXP ONLY,335,ARTIFICIAL SWEETENERS - EXP ONLY,oz,314339.0,ALL OTHER FOODS
33501,ARTIFICIAL SWEETENERS - EXP ONLY,335,ARTIFICIAL SWEETENERS - EXP ONLY,oz,315339.0,OTHER FOODS & MISC. INC. SOUPS
33501,ARTIFICIAL SWEETENERS - EXP ONLY,335,ARTIFICIAL SWEETENERS - EXP ONLY,oz,335336.0,FOOD GP OF MAJOR FOODS 335 TO 336
33601,MISCELLANEOUS - EXP ONLY,336,MISCELLANEOUS - EXP ONLY,oz,304339.0,BEVERAGES & MISCELLANEOUS
33601,MISCELLANEOUS - EXP ONLY,336,MISCELLANEOUS - EXP ONLY,oz,314339.0,ALL OTHER FOODS
33601,MISCELLANEOUS - EXP ONLY,336,MISCELLANEOUS - EXP ONLY,oz,315339.0,OTHER FOODS & MISC. INC. SOUPS
33601,MISCELLANEOUS - EXP ONLY,336,MISCELLANEOUS - EXP ONLY,oz,335336.0,FOOD GP OF MAJOR FOODS 335 TO 336
33901,NOVEL PROTEIN FOODS,339,NOVEL PROTEIN FOODS,oz,304339.0,BEVERAGES & MISCELLANEOUS
33901,NOVEL PROTEIN FOODS,339,NOVEL PROTEIN FOODS,oz,314339.0,ALL OTHER FOODS
33901,NOVEL PROTEIN FOODS,339,NOVEL PROTEIN FOODS,oz,315339.0,OTHER FOODS & MISC. INC. SOUPS
33901,NOVEL PROTEIN FOODS,339,NOVEL PROTEIN FOODS,oz,339339.0,NOVEL PROTEIN FOODS
34001,SOFT DRINKS CONCENTRATED,340,SOFT DRINKS CONCENTRATED,floz,340341.0,SOFT DRINKS NOT LOW-CALORIE
34001,SOFT DRINKS CONCENTRATED,340,SOFT DRINKS CONCENTRATED,floz,340342.0,"TOTAL SOFT DRINKS, PRE 92"
34001,SOFT DRINKS CONCENTRATED,340,SOFT DRINKS CONCENTRATED,floz,340344.0,SOFT DRINKS
34101,SOFT DRINKS UNCONCENTRATED,341,SOFT DRINKS UNCONCENTRATED,floz,340341.0,SOFT DRINKS NOT LOW-CALORIE
34101,SOFT DRINKS UNCONCENTRATED,341,SOFT DRINKS UNCONCENTRATED,floz,340342.0,"TOTAL SOFT DRINKS, PRE 92"
34101,SOFT DRINKS UNCONCENTRATED,341,SOFT DRINKS UNCONCENTRATED,floz,340344.0,SOFT DRINKS
34201,SOFT DRINKS LOW CALORIE,342,SOFT DRINKS LOW CALORIE,floz,340342.0,"TOTAL SOFT DRINKS, PRE 92"
34201,SOFT DRINKS LOW CALORIE,342,SOFT DRINKS LOW CALORIE,floz,340344.0,SOFT DRINKS
34301,LOW CALORIE SOFT DRINKS CONCENTRATED,343,LOW CALORIE SOFT DRINKS CONCENTRATED,floz,340344.0,SOFT DRINKS
34301,LOW CALORIE SOFT DRINKS CONCENTRATED,343,LOW CALORIE SOFT DRINKS CONCENTRATED,floz,343344.0,SOFT DRINKS LOW-CALORIE
34401,LOW CALORIE SOFT DRINKS UNCONCENTRATED,344,LOW CALORIE SOFT DRINKS UNCONCENTRATED,floz,340344.0,SOFT DRINKS
34401,LOW CALORIE SOFT DRINKS UNCONCENTRATED,344,LOW CALORIE SOFT DRINKS UNCONCENTRATED,floz,343344.0,SOFT DRINKS LOW-CALORIE
35001,SOLID CHOCOLATE,350,SOLID CHOCOLATE,g,350351.0,CHOCOLATE CONFECTIONERY
35001,SOLID CHOCOLATE,350,SOLID CHOCOLATE,g,350354.0,CONFECTIONERY
35101,CHOCOLATE COATED FILLED BAR/SWEETS,351,CHOCOLATE COATED FILLED BAR/SWEETS,g,350351.0,CHOCOLATE CONFECTIONERY
35101,CHOCOLATE COATED FILLED BAR/SWEETS,351,CHOCOLATE COATED FILLED BAR/SWEETS,g,350354.0,CONFECTIONERY
35201,CHEWING GUM,352,CHEWING GUM,g,350354.0,CONFECTIONERY
35201,CHEWING GUM,352,CHEWING GUM,g,352354.0,CONFECTIONERY (EXC.CHOCOLATE)
35301,HARD PRESSED MINTS,353,MINTS AND BOILED SWEETS,g,350354.0,CONFECTIONERY
35301,HARD PRESSED MINTS,353,MINTS AND BOILED SWEETS,g,352354.0,CONFECTIONERY (EXC.CHOCOLATE)
35302,BOILED SWEETS,353,MINTS AND BOILED SWEETS,g,350354.0,CONFECTIONERY
35302,BOILED SWEETS,353,MINTS AND BOILED SWEETS,g,352354.0,CONFECTIONERY (EXC.CHOCOLATE)
35401,"FUDGE, TOFFEES, CARAMELS",354,"FUDGE, TOFFEES, CARAMELS",g,350354.0,CONFECTIONERY
35401,"FUDGE, TOFFEES, CARAMELS",354,"FUDGE, TOFFEES, CARAMELS",g,352354.0,CONFECTIONERY (EXC.CHOCOLATE)
38001,"LOW ALCOHOL BEERS, LAGERS AND CIDERS",380,"LOW ALCOHOL BEERS, LAGERS AND CIDERS",cl,380382.0,BEER AND LAGER
38001,"LOW ALCOHOL BEERS, LAGERS AND CIDERS",380,"LOW ALCOHOL BEERS, LAGERS AND CIDERS",cl,380383.0,"BEER, LAGER, CIDER AND PERRY"
38001,"LOW ALCOHOL BEERS, LAGERS AND CIDERS",380,"LOW ALCOHOL BEERS, LAGERS AND CIDERS",cl,380389.0,ALCOHOLIC DRINKS
38101,BEERS,381,BEERS,cl,380382.0,BEER AND LAGER
38101,BEERS,381,BEERS,cl,380383.0,"BEER, LAGER, CIDER AND PERRY"
38101,BEERS,381,BEERS,cl,380389.0,ALCOHOLIC DRINKS
38201,LAGERS AND CONTINENTAL BEERS,382,LAGERS AND CONTINENTAL BEERS,cl,380382.0,BEER AND LAGER
38201,LAGERS AND CONTINENTAL BEERS,382,LAGERS AND CONTINENTAL BEERS,cl,380383.0,"BEER, LAGER, CIDER AND PERRY"
38201,LAGERS AND CONTINENTAL BEERS,382,LAGERS AND CONTINENTAL BEERS,cl,380389.0,ALCOHOLIC DRINKS
38301,CIDERS AND PERRY,383,CIDERS AND PERRY,cl,380383.0,"BEER, LAGER, CIDER AND PERRY"
38301,CIDERS AND PERRY,383,CIDERS AND PERRY,cl,380389.0,ALCOHOLIC DRINKS
38401,WINE,384,WINE,cl,380389.0,ALCOHOLIC DRINKS
38401,WINE,384,WINE,cl,384388.0,"WINES, SPIRITS AND LIQUEURS"
38501,"LA WINE, WINE AND SPIRITS WITH ADDITIONS",385,"LA WINE, WINE AND SPIRITS WITH ADDITION",cl,380389.0,ALCOHOLIC DRINKS
38501,"LA WINE, WINE AND SPIRITS WITH ADDITIONS",385,"LA WINE, WINE AND SPIRITS WITH ADDITION",cl,384388.0,"WINES, SPIRITS AND LIQUEURS"
38601,FORTIFIED WINES,386,FORTIFIED WINES,cl,380389.0,ALCOHOLIC DRINKS
38601,FORTIFIED WINES,386,FORTIFIED WINES,cl,384388.0,"WINES, SPIRITS AND LIQUEURS"
38701,SPIRITS,387,SPIRITS,cl,380389.0,ALCOHOLIC DRINKS
38701,SPIRITS,387,SPIRITS,cl,384388.0,"WINES, SPIRITS AND LIQUEURS"
38801,LIQUEURS AND COCKTAILS,388,LIQUEURS,cl,380389.0,ALCOHOLIC DRINKS
38801,LIQUEURS AND COCKTAILS,388,LIQUEURS,cl,384388.0,"WINES, SPIRITS AND LIQUEURS"
38901,ALCOHOLIC CARBONATES,389,ALCOHOLIC CARBONATES,ml,380389.0,ALCOHOLIC DRINKS
38901,ALCOHOLIC CARBONATES,389,ALCOHOLIC CARBONATES,ml,389389.0,ALCOHOLIC CARBONATES
